5|[8.501996447382506,6.2630952154153015,0.34992819948640164,0.0010777602260895929,0.001077760226089605,0.34925911139281024,1.0,0.0]|[20.460113115147056,-5.754933460977144,0.7538347065228715,0.18502889522972585,0.18502889522972582,1.3596108792559405,1.0,1.0]|[7.996613291078735,-9.646637653821713,0.4551813465201075,0.04276238077741191,0.0427623807774119,0.4390433809734946,2.0,59.0]|[12.730063086466464,-11.658515461475064,0.7470664395963044,0.16859873453469093,0.16859873453469099,0.7767542705606815,2.0,60.0]|[15.425468838633662,-18.071448915173704,1.3506113002232518,0.4844267400784846,0.4844267400784845,1.196587378381694,2.0,61.0]|
7|[6.273591120479131,6.633069180215173,0.28372331037483756,0.024572292332240776,0.024572292332240803,0.28646299898965055,1.0,0.0]|[18.635096530241324,-2.509732180685649,0.657669600482373,0.060229010631024885,0.06022901063102489,1.0967665405332256,1.0,1.0]|[23.689024932119953,16.263724400154057,1.4884894383564677,-0.7495233379810559,-0.7495233379810559,2.065626116244047,1.0,20.0]|[6.4770368699880185,-8.890858005002876,0.37573095168945675,0.00327675507482824,0.0032767550748282375,0.37362016958324984,2.0,59.0]|[11.509993851271666,-11.017845464990971,0.6686157734079591,0.11939353212939759,0.11939353212939754,0.6790539499390398,2.0,60.0]|[14.620778184170204,-16.972692657752642,1.2191100164500628,0.4052773290793645,0.4052773290793644,1.0977571778470785,2.0,61.0]|[16.44697299030792,-24.685013280848807,2.1954059175616525,0.8316377458390958,0.8316377458390958,1.5013116749728552,2.0,62.0]|
8|[4.1263730493782,5.278707123519913,0.19217254644924858,0.06637802622266,0.06637802622265998,0.2251995509183322,1.0,0.0]|[17.646213537618866,-1.2148073238844825,0.5993355815043742,0.026046761425013547,0.026046761425013547,0.9758960520571504,1.0,1.0]|[27.783830635363895,7.750547818560808,1.0736886895148632,-0.4257794015181038,-0.42577940151810373,2.481229415837271,1.0,19.0]|[24.30438684535479,17.546399505698666,1.574546733626463,-0.8905011138456406,-0.8905011138456406,2.1651322348574955,1.0,20.0]|[6.517734819806791,-7.3515845611065185,0.3187319995121061,-0.01927653750219783,-0.019276537502197835,0.3233845846731774,2.0,59.0]|[12.173847940485395,-10.090185038605028,0.6238642929637992,0.13047662267630644,0.13047662267630641,0.6731404691512387,2.0,60.0]|[12.940248266766675,-16.40092568241189,1.11425451500107,0.31635681123170184,0.31635681123170184,0.9628967086212088,2.0,61.0]|[15.113797080456465,-23.25676428616645,1.9633543878672772,0.6781223483067453,0.6781223483067453,1.3605644171787377,2.0,62.0]|
8|[15.350290173870706,-0.005054740368123646,0.545782998512897,6.274860607102392e-05,6.274860607102391e-05,0.7363386228582998,1.0,1.0]|[27.886694345659535,-10.704465175773777,1.2279986303353294,0.5989133167680243,0.5989133167680242,2.5583589853662696,1.0,2.0]|[25.26237920957559,9.673248478380337,1.0822291709373126,-0.4612125897008902,-0.4612125897008901,2.1101153100729615,1.0,19.0]|[19.038397761854572,18.88837724905679,1.565297602351079,-0.6768949858655076,-0.6768949858655076,1.5760076847907236,1.0,20.0]|[5.434908383483048,-7.803657595515034,0.29214891805350607,-0.013701188192102193,-0.013701188192102181,0.3022793467875388,2.0,59.0]|[10.415446173286078,-9.934001556721489,0.5580909540513352,0.08516653447424984,0.08516653447424984,0.5661552384468765,2.0,60.0]|[14.374266568826943,-15.076770597495486,1.0327193522298261,0.33908963806848047,0.33908963806848047,1.000347324007118,2.0,61.0]|[14.288807878814469,-23.539155903412365,1.9714663552310308,0.6557761963741563,0.6557761963741562,1.2892222323301679,2.0,62.0]|
7|[15.227434449418606,1.9005776688673168,0.4981115807206323,-0.029677418473528,-0.029677418473528002,0.7321830341918917,1.0,1.0]|[26.26394693471806,-7.1808402279344365,1.0437368638045585,0.34804644267462004,0.34804644267462,2.2215583114967337,1.0,2.0]|[22.872651975536822,11.861859238910842,1.1161500265386164,-0.4970260713316483,-0.4970260713316483,1.8167815307160575,1.0,19.0]|[15.990110299035148,19.048969449010865,1.4896651428251777,-0.5280645743597461,-0.5280645743597461,1.303852072362665,1.0,20.0]|[9.708352656348623,-8.830854493150985,0.4833079115619514,0.04995864462933377,0.04995864462933378,0.49278772407261234,2.0,60.0]|[14.573810951497517,-12.646659831569972,0.8648817933033075,0.25915551005662146,0.25915551005662146,0.9386421285863642,2.0,61.0]|[14.698021690479564,-19.311354761467744,1.4812533816198301,0.4719745425426166,0.47197454254261656,1.2203615822106217,2.0,62.0]|
6|[13.696872259912265,2.8134838039648895,0.4504341064243272,-0.0329803152783388,-0.03298031527833881,0.6042175381286224,1.0,1.0]|[25.880430100541496,-3.772014281792759,0.9240581400096723,0.176863630632706,0.17686363063270596,2.111772048618635,1.0,2.0]|[20.030540368332613,14.260727764575657,1.1754359993477645,-0.5082505691050042,-0.5082505691050042,1.5274733735231216,1.0,19.0]|[8.057815559059826,-8.339572507646475,0.4099592455301791,0.010634775572448848,0.010634775572448858,0.40922807862060323,2.0,60.0]|[12.902981237161594,-12.376626869111103,0.7923280242231606,0.19819216312107327,0.19819216312107332,0.8088416592681985,2.0,61.0]|[15.931340491537552,-19.99006695255046,1.5711326316347816,0.5906777799065548,0.5906777799065547,1.3007198641028754,2.0,62.0]|
6|[10.29189697682508,2.6970466004364604,0.3913634487398837,0.009860302156734863,0.009860302156734859,0.3563206006812561,1.0,1.0]|[26.092547447505787,-2.299547975579731,0.8573045427386171,0.11340256458816468,0.1134025645881647,2.1340683423682463,1.0,2.0]|[17.55915088347012,14.115926468786974,1.0914264304391295,-0.3977332829315195,-0.39773328293151944,1.266436102115215,1.0,19.0]|[8.235647280201661,-7.167967472489293,0.36566989195345556,0.00595577300545515,0.005955773005455138,0.36732912752774866,2.0,60.0]|[13.182410071318765,-11.453815255118208,0.7312868265936211,0.19264518954703502,0.19264518954703497,0.7856219367148578,2.0,61.0]|[14.733879924323878,-18.688559679537605,1.3972429766555226,0.47257822258130006,0.47257822258130006,1.1703974526514023,2.0,62.0]|
6|[10.293266296597686,3.370703031387992,0.34793105390391277,-0.0061128896315850705,-0.006112889631585072,0.36459648937818007,1.0,1.0]|[23.648552367048076,-1.526979386156212,0.799777286069614,0.06167406014136678,0.061674060141366796,1.7509501726130827,1.0,2.0]|[14.30786671536389,14.970507296577692,1.0503864525551476,-0.3031099848321155,-0.30310998483211554,1.0229319345675763,1.0,19.0]|[6.780230086108328,-6.139588912933435,0.29528292206946083,-0.030633382199440812,-0.0306333821994408,0.2891920076055271,2.0,60.0]|[11.980370560850464,-9.906034219209127,0.6186267891061195,0.11290471279906704,0.11290471279906705,0.6618180217223112,2.0,61.0]|[15.748562029761649,-18.047129344350473,1.3484570601859909,0.5092417872478906,0.5092417872478906,1.2092716993788215,2.0,62.0]|
6|[7.336407606035463,4.009325068757315,0.2817530247891658,0.03460746149182975,0.03460746149182975,0.2373399190411426,1.0,1.0]|[23.761258194898815,-0.32404372665866454,0.7440849134780804,0.013918237949972819,0.013918237949972819,1.7644821984642032,1.0,2.0]|[12.403961441768427,16.08641065806812,1.0692432713657005,-0.28558706978942633,-0.28558706978942633,0.9190834062996461,1.0,19.0]|[5.792000331817489,-5.996007226323633,0.25107589205633446,-0.035086979140489354,-0.035086979140489395,0.2535055240820126,2.0,60.0]|[10.740477116999338,-9.727384832547331,0.5630280947627313,0.08436405042986878,0.08436405042986878,0.5797720956267433,2.0,61.0]|[14.179742243940945,-15.843562332898678,1.1097178860892853,0.33858111087251413,0.33858111087251397,1.034433240883592,2.0,62.0]|
7|[4.936546743656898,5.0742471355114604,0.206823940841244,0.051609391758136315,0.051609391758136294,0.20966406657811865,1.0,1.0]|[21.930313847213423,-0.7358230049779383,0.6927189159950675,0.027241059805235356,0.027241059805235352,1.5036917110980454,1.0,2.0]|[21.474454119005816,15.575560550077473,1.3906774371612367,-0.5864200810080201,-0.5864200810080201,1.7738566668180529,1.0,18.0]|[12.464668385021117,18.222055508010094,1.2509562171438178,-0.39790507024679467,-0.39790507024679467,0.9414443274104498,1.0,19.0]|[4.158978382287771,-5.409753813137257,0.18613322997784712,-0.052845459189046116,-0.05284545918904612,0.2142442919762078,2.0,60.0]|[9.019568625399714,-9.005518796314558,0.4779491332770457,0.02966044169276323,0.02966044169276328,0.47804160980818433,2.0,61.0]|[13.784249424510271,-15.256035069308053,1.0408777329523298,0.31012387880959585,0.3101238788095959,0.9778464952588156,2.0,62.0]|
5|[3.4432826958393954,5.39084688276265,0.1563766074313929,0.04463767739127397,0.044637677391273965,0.19775060241377806,1.0,1.0]|[18.919241025402716,1.2294221636356732,0.6417902819241795,-0.03128743155920816,-0.03128743155920816,1.121230859005348,1.0,2.0]|[22.16723789746709,16.060037831972792,1.4115234643145165,-0.6738113780706854,-0.6738113780706855,1.8533946583864211,1.0,18.0]|[8.021853937390938,-9.16521485844823,0.4407333086327003,0.0261165165475279,0.026116516547527866,0.4337528652503749,2.0,61.0]|[13.33430848086457,-13.45021394969343,0.8943974414149065,0.2285324299907748,0.2285324299907748,0.8904416263309957,2.0,62.0]|
5|[17.235684076522976,2.998141209773614,0.5988501224459156,-0.06219875885814513,-0.06219875885814513,0.9455982703862075,1.0,2.0]|[28.813298794109965,-3.916625728206078,0.9836781320152148,0.2254580616140867,0.2254580616140867,2.6116505164488064,1.0,3.0]|[18.436171960343344,18.73127321527684,1.5315177409904048,-0.637094465127389,-0.637094465127389,1.511282911501597,1.0,18.0]|[6.983316780768236,-8.833188845691232,0.3880266759122705,0.010363281098379928,0.010363281098379919,0.38311114700922305,2.0,61.0]|[11.857854556644137,-15.455327354794672,0.9800498474800864,0.26823203321950495,0.2682320332195049,0.8362375149636748,2.0,62.0]|
5|[14.935204508422034,2.9111958840968906,0.5437922243740823,-0.03503649164104248,-0.03503649164104249,0.7167093154464815,1.0,2.0]|[26.628413997967936,0.5944874195811564,0.9016935887449306,-0.02936298277382435,-0.029362982773824358,2.216271369502996,1.0,3.0]|[15.673384018108138,18.611293686461877,1.4344732101200321,-0.49351761812650463,-0.4935176181265046,1.2640605585469478,1.0,18.0]|[5.458902573032728,-6.925431720755529,0.2806313243751389,-0.047740115115149716,-0.04774011511514975,0.30356610721621274,2.0,61.0]|[11.284678351377003,-14.688085509696693,0.8960197792066582,0.22921512013443018,0.22921512013443016,0.7737776346498533,2.0,62.0]|
5|[13.27162625940702,4.57484960328541,0.5006433574046006,-0.039702803715012384,-0.03970280371501239,0.6021351675018496,1.0,2.0]|[26.07588840880882,0.3440556323203722,0.8492791784026822,-0.016834902195260473,-0.016834902195260473,2.124969985211122,1.0,3.0]|[14.80584447972683,21.65280616380885,1.7252587307048475,-0.6213826013866441,-0.621382601386644,1.2414093313916776,1.0,18.0]|[4.793698033519637,-7.396390818839441,0.2628601762507069,-0.031004087077739616,-0.031004087077739592,0.2906034816859464,2.0,61.0]|[10.174162843835331,-13.383529254867227,0.7670052448527367,0.15286714122031458,0.15286714122031456,0.6821269099898117,2.0,62.0]|
3|[11.863914234263238,5.29093161302385,0.4532108362483051,-0.03305288796986096,-0.03305288796986096,0.5125851453205392,1.0,2.0]|[22.312564515498394,1.6229544478693902,0.8012133900904096,-0.055482541064127464,-0.05548254106412746,1.5599581023311164,1.0,3.0]|[8.12644659803497,-13.222561142026564,0.6931228087179708,0.0969794872306902,0.09697948723069022,0.5949298176241441,2.0,62.0]|
3|[9.957461902740043,6.711030483688827,0.4103991203142567,-0.027083866844033213,-0.02708386684403324,0.43233097495338585,1.0,2.0]|[22.629193450060317,2.0769367175802316,0.7527158501295297,-0.07902319926002013,-0.07902319926002013,1.6064575814470874,1.0,3.0]|[9.770961935330092,-10.564960687801255,0.5820831273942999,0.07035223175711486,0.07035223175711484,0.5710789806565697,2.0,62.0]|
4|[8.993234238216552,6.020083697954203,0.35423826023827387,-0.00786944442077177,-0.00786944442077175,0.360726385398456,1.0,2.0]|[19.864626494162934,3.0160617987511023,0.706796448346741,-0.0842280770079164,-0.08422807700791639,1.248757704284363,1.0,3.0]|[26.61921093751723,-7.517492505350932,1.078072311529439,0.3707512117775888,0.37075121177758885,2.286187699465874,1.0,4.0]|[8.06197188017987,-11.313959865121044,0.5610265676500757,0.05907354440768229,0.05907354440768229,0.5202182543538096,2.0,62.0]|
3|[7.595080570814961,5.990246443156648,0.3035324456918284,0.008782429369392069,0.008782429369392056,0.29932384387257277,1.0,2.0]|[19.076191537519634,2.432457686861421,0.651161684047078,-0.06433073338965863,-0.06433073338965864,1.1474630072190402,1.0,3.0]|[27.97151561710396,-6.620271431813033,1.0112442434872186,0.3717523312913827,0.37175233129138274,2.4939606460030195,1.0,4.0]|
3|[4.828094365274743,6.959466397913487,0.24195614576367175,0.025595832313485438,0.025595832313485455,0.261094331779706,1.0,2.0]|[17.488872727551467,7.62584438668507,0.6796045802200148,-0.19967347514903597,-0.19967347514903597,1.0504638956121022,1.0,3.0]|[24.761909588028104,-4.364542893778941,0.9056038648239398,0.18859853933642137,0.18859853933642146,1.9423612098722542,1.0,4.0]|
2|[14.505086590576779,5.953789895414882,0.5755586726200355,-0.07909500941041414,-0.07909500941041414,0.7357905816687945,1.0,3.0]|[23.405943217473652,-0.9535084409776605,0.8220768048988418,0.03636818403107044,0.03636818403107044,1.7133315975911823,1.0,4.0]|
2|[12.442720066798858,6.515776246943205,0.5213264153531062,-0.04982903335660631,-0.04982903335660628,0.5903878615749105,1.0,3.0]|[23.23404515774696,-2.936043971914744,0.7828292293153727,0.11765221568085651,0.11765221568085651,1.6989889650363048,1.0,4.0]|
2|[10.91734904043729,7.430504844041354,0.48024799570197474,-0.04406825643971582,-0.04406825643971577,0.5150022653172585,1.0,3.0]|[21.17382980873749,-1.914089882481875,0.7205251929343819,0.06255059833245333,0.06255059833245334,1.4068108841556546,1.0,4.0]|
2|[8.474142579364237,8.306732593442971,0.424686870870528,-0.015044508474215748,-0.015044508474215783,0.42528728094816537,1.0,3.0]|[19.46801709496012,1.0847343257012974,0.6635090510859557,-0.029226679597360406,-0.0292266795973604,1.1864196123798652,1.0,4.0]|
3|[5.736001773612526,9.332988531805224,0.3754172792512659,0.0006543982569720571,0.000654398256972068,0.3760798543611701,1.0,3.0]|[17.764520120060368,2.472574730186343,0.6171265659057952,-0.05402470809798611,-0.0540247080979861,0.9977542986111098,1.0,4.0]|[10.589746265257926,-18.749739211285824,1.2773280089645567,0.304006939909638,0.30400693990963795,0.9107680791563719,2.0,63.0]|
2|[15.053352703258827,4.476847945487379,0.5760024536939652,-0.057919887867754545,-0.05791988786775456,0.7535321480239183,1.0,4.0]|[10.381248602425,-17.45331842339568,1.1378579633367987,0.25359711202486823,0.2535971120248682,0.8623414017664093,2.0,63.0]|
3|[14.083284652321383,6.330140675654501,0.549762988167137,-0.08776404313265807,-0.08776404313265808,0.7055721663010079,1.0,4.0]|[27.86968597381119,-7.812273719729247,1.0976345606679665,0.4261628699708247,0.4261628699708247,2.498478260298638,1.0,5.0]|[12.385050234277392,-16.639286069856524,1.1085299749101551,0.31706593635178787,0.3170659363517878,0.9185529925956085,2.0,63.0]|
3|[10.54028041747315,7.372553179793827,0.48239457134726477,-0.0242269068069333,-0.024226906806933273,0.5000850653263911,1.0,4.0]|[26.973712947801115,-2.998202394894328,0.9445566731831812,0.15085605559195991,0.15085605559195994,2.28498448836104,1.0,5.0]|[12.17315232915804,-15.284403798057584,0.982981143601796,0.26382821213465657,0.2638282121346566,0.8618469730943974,2.0,63.0]|
3|[10.09891642439449,7.778030336024946,0.4560689637884354,-0.03981297370978828,-0.039812973709788306,0.4770983878361984,1.0,4.0]|[27.972147050634558,0.7545455026131486,0.8783571279118852,-0.04231060518565438,-0.04231060518565439,2.445734158490865,1.0,5.0]|[11.93535709723169,-12.463539587691812,0.7814668166598764,0.15572206393524138,0.15572206393524143,0.7679763328685673,2.0,63.0]|
3|[6.588658188990386,9.259278948662532,0.3994827312337543,-0.005746541480289468,-0.005746541480289479,0.3954959963073107,1.0,4.0]|[24.14271121221982,3.8253842637359243,0.8520564073943264,-0.16084449331711823,-0.16084449331711823,1.8416902838335902,1.0,5.0]|[11.576120813914326,-13.269494305787287,0.8027374349020517,0.19059093647103256,0.19059093647103253,0.7505354121893164,2.0,63.0]|
2|[23.218597462522432,5.32870086844988,0.8259601534620211,-0.2174408839505739,-0.21744088395057387,1.723506172749518,1.0,5.0]|[10.977556893714008,-11.215705125277022,0.6614397384558479,0.11058201881919519,0.11058201881919519,0.6566927220080693,2.0,63.0]|
2|[20.944771057290094,7.013109111830538,0.8064700803545357,-0.2404455799874439,-0.2404455799874439,1.44405458159718,1.0,5.0]|[10.450275333196549,-10.224833681603055,0.5883341159164722,0.07792493305659044,0.07792493305659047,0.5917332979143319,2.0,63.0]|
2|[17.587599306221644,6.550982071285758,0.7283024349964378,-0.13872179097522627,-0.13872179097522622,1.0490618683535842,1.0,5.0]|[8.640596260898574,-11.23433791721831,0.5713224715043683,0.07331576007726415,0.07331576007726413,0.5323876165025438,2.0,63.0]|
3|[16.613143352994992,8.760341406916801,0.7315670637424028,-0.19549184064531316,-0.1954918406453131,0.9992129375667536,1.0,5.0]|[8.042539034850748,-11.078948977300156,0.5358371101851372,0.06868445340668884,0.06868445340668886,0.49108136453119117,2.0,63.0]|[26.891140453578068,-11.350031138346305,1.246091858009875,0.5977561726324654,0.5977561726324654,2.4100329475202895,2.0,64.0]|
3|[11.500587690022478,10.35692935137568,0.6565471545317667,-0.08282670162062963,-0.08282670162062962,0.6739298229520063,1.0,5.0]|[6.211838200230236,-9.88185450141437,0.42100166415977475,0.007534850775374233,0.007534850775374224,0.4137516348345842,2.0,63.0]|[26.668442767765335,-11.796371087367358,1.2248814602277407,0.633626234661255,0.6336262346612549,2.3770663423970744,2.0,64.0]|
2|[11.57061354112493,9.071229014574044,0.5900523156490244,-0.06699853302593105,-0.06699853302593102,0.6229847861807248,1.0,5.0]|[24.922591193782935,-11.973011221962864,1.1755984473044103,0.5829256574287826,0.5829256574287827,2.1089534843160944,2.0,64.0]|
2|[10.82040948013724,9.715509976882013,0.569387096162194,-0.08211677789016253,-0.08211677789016249,0.5871110060156417,1.0,5.0]|[22.463315588194554,-9.876523037716979,1.0147354835377467,0.3811735888806823,0.38117358888068226,1.71409064493088,2.0,64.0]|
3|[10.000239897163635,9.365724968776684,0.5174925982798015,-0.06474348843460961,-0.06474348843460964,0.5259868526252501,1.0,5.0]|[26.559650388640836,7.995519575778403,1.089661659272155,-0.3957187181197612,-0.39571871811976117,2.285039503488888,1.0,6.0]|[21.306833360045694,-9.054113734834806,0.9333861251203338,0.3150761047242763,0.31507610472427633,1.540959065806896,2.0,64.0]|
3|[7.499768495340543,10.123426792542315,0.46971779137778,-0.035511282898651395,-0.03551128289865141,0.4480914584786356,1.0,5.0]|[26.089699623415758,9.392815537433691,1.0907317826259726,-0.47236121712488377,-0.47236121712488377,2.2327136015592086,1.0,6.0]|[19.72912938214379,-9.361146253249379,0.8881995317160355,0.2856383906942244,0.2856383906942244,1.354667411517981,2.0,64.0]|
3|[7.008232212501685,10.588603526487663,0.46954952955491225,-0.05182271386005825,-0.051822713860058225,0.42555125648006487,1.0,5.0]|[24.01564738054827,8.752816982871208,1.008786489819518,-0.37647093894788086,-0.3764709389478808,1.904523417857171,1.0,6.0]|[17.706417749492005,-10.76508419864114,0.878140180948673,0.2819373128733332,0.2819373128733332,1.1704596295357306,2.0,64.0]|
2|[23.088829963892472,8.992778828072973,0.9675498942936853,-0.37042586313442405,-0.3704258631344241,1.774337223633504,1.0,6.0]|[17.97366679557453,-10.738428110678889,0.8480476694991677,0.31176905327181526,0.3117690532718153,1.1836101124256013,2.0,64.0]|
2|[20.926694550283443,10.696560760687822,0.9726459658112572,-0.38509780692331064,-0.3850978069233107,1.5292087147481672,1.0,6.0]|[16.01549388051625,-8.65494721725803,0.7123681644595583,0.1746912431487177,0.17469124314871778,0.9412194523403613,2.0,64.0]|
2|[19.517220914447897,8.448141229170245,0.8371904201846151,-0.24941442849205997,-0.2494144284920599,1.3054367606014723,1.0,6.0]|[13.675417778645112,-9.89082716606108,0.6835376286783584,0.14941962256006872,0.14941962256006872,0.7820620095576746,2.0,64.0]|
2|[17.006688122574158,9.059463635288601,0.7889963237232809,-0.1977942992980313,-0.1977942992980313,1.0549364907373477,1.0,6.0]|[12.180656199745908,-8.226064110759394,0.5785796318192272,0.0651874997090152,0.06518749970901523,0.6310817051200117,2.0,64.0]|
2|[16.71261056824696,9.072695800961634,0.7508729356064375,-0.20584961191003473,-0.2058496119100347,1.0183153096622635,1.0,6.0]|[10.267773593568126,-9.66103121672276,0.5545286885393468,0.06266133368803925,0.0626613336880392,0.5621667904225389,2.0,64.0]|
4|[15.259417227339824,8.77011009279386,0.6882670809354745,-0.16077319527876546,-0.16077319527876552,0.8756000462748876,1.0,6.0]|[26.549487127835334,11.339488803419089,1.2415671644986659,-0.5821302671153666,-0.5821302671153665,2.355894030760205,1.0,7.0]|[9.678451027182216,-9.089652376471937,0.5020599369461706,0.045880270555481086,0.04588027055548105,0.5078230883965866,2.0,64.0]|[29.387672100613432,-8.786919047202526,1.1453772368402884,0.5366233210200462,0.5366233210200463,2.77965255762944,2.0,65.0]|
4|[14.30032520108899,8.931087102438223,0.6478543594872843,-0.15017492502333984,-0.15017492502333984,0.7945223901995249,1.0,6.0]|[26.291932009960302,12.24850213363483,1.246634119925041,-0.6439972561439533,-0.6439972561439534,2.328985628483911,1.0,7.0]|[8.97573097014025,-9.306410133455733,0.47563900522495095,0.04849293859772482,0.04849293859772478,0.47212938297914125,2.0,64.0]|[24.779674219260407,-7.417519625402867,1.0312494266305665,0.3171526397069672,0.3171526397069673,1.995823701650314,2.0,65.0]|
4|[10.845998884796582,9.634958187157494,0.5773870535543831,-0.07134918221807798,-0.07134918221807797,0.5943217959752358,1.0,6.0]|[23.356180717551627,10.851794775365805,1.1089215374772703,-0.4477926386583127,-0.4477926386583127,1.8646456736838768,1.0,7.0]|[6.786695603343707,-9.698946191340152,0.4239624156049568,0.019913764663401327,0.019913764663401334,0.40943778652192114,2.0,64.0]|[24.911046966743108,-9.556276204602366,1.0594453297923423,0.4469736609592265,0.44697366095922647,2.0531381480899515,2.0,65.0]|
3|[9.474884686359191,9.985634895237572,0.5371408731141745,-0.05796085254847699,-0.05796085254847697,0.5310518428414344,1.0,6.0]|[23.658041636894737,9.856649582545558,1.0327454253211112,-0.42492272887125476,-0.42492272887125476,1.875614206654112,1.0,7.0]|[24.62596141951174,-8.121567049964746,0.9636747476757973,0.3751575900936532,0.37515759009365324,1.9774900204018986,2.0,65.0]|
3|[9.293050031405244,10.007508645196815,0.5170165286566424,-0.07088330168183145,-0.07088330168183148,0.5065064335471812,1.0,6.0]|[22.46287186673861,11.047539732091916,1.034574130178561,-0.4542462667573597,-0.4542462667573596,1.7347849688040764,1.0,7.0]|[22.373409976919522,-9.281199601485019,0.945132643440861,0.36850025189153063,0.36850025189153063,1.6805797304875734,2.0,65.0]|
3|[6.893849509221987,10.467896459809332,0.46599616093481716,-0.0378717916601281,-0.0378717916601281,0.4334313706767186,1.0,6.0]|[19.107959809904848,11.524070749835463,0.97764074861693,-0.3487949289954582,-0.3487949289954581,1.345615215849272,1.0,7.0]|[21.12850520950893,-7.189671063965703,0.8292211711695167,0.24750041597448716,0.24750041597448713,1.4723379943354873,2.0,65.0]|
3|[6.618611201646494,9.631386482532209,0.41184663534507465,-0.021722998647927243,-0.02172299864792728,0.39516325166576854,1.0,6.0]|[17.957696570999754,12.780960641637638,0.9911033039608343,-0.37515178083689593,-0.37515178083689593,1.251199373546244,1.0,7.0]|[19.623850397310818,-11.299976297803392,0.9234006809239114,0.39100581651817184,0.3910058165181719,1.377279790843438,2.0,65.0]|
3|[15.424282942902911,12.615671665943632,0.9058056255033192,-0.27400157576459777,-0.27400157576459766,1.0166992660036587,1.0,7.0]|[22.966087150020073,15.562575784241055,1.421242228996642,-0.6666793464597451,-0.6666793464597451,1.9533139760142042,1.0,8.0]|[18.227769459398424,-7.966931348558622,0.745893764250908,0.21448498066488733,0.2144849806648873,1.1428737045914745,2.0,65.0]|
4|[14.45883793610934,11.666101004263398,0.813057154335893,-0.21425153749389067,-0.21425153749389064,0.9057294960872201,1.0,7.0]|[20.027256430625393,19.53431882369669,1.6687268434017242,-0.7579907501093821,-0.7579907501093821,1.7065109975127113,1.0,8.0]|[16.21119827008302,-8.061053798226032,0.689642326745112,0.16641434096221633,0.16641434096221633,0.9415603230088421,2.0,65.0]|[27.361252392032295,-3.7875769652440314,0.9774695045368402,0.19474453462489286,0.19474453462489288,2.3573353613230426,2.0,66.0]|
4|[12.97902713530863,12.202116039860087,0.7836285307062119,-0.19561255851518694,-0.19561255851518694,0.8077923850129022,1.0,7.0]|[21.28750369594836,16.960049170155056,1.443279468449465,-0.6944905042402498,-0.6944905042402497,1.7616630288842314,1.0,8.0]|[14.907805123392615,-8.74235641896004,0.6575848454473208,0.16170831067037553,0.1617083106703755,0.8385058228118513,2.0,65.0]|[26.509101313947635,-4.2642965220328986,0.933524759371131,0.21222640522958353,0.21222640522958353,2.2186962034095536,2.0,66.0]|
4|[13.242006921992855,9.940204097672837,0.6672746749331004,-0.14221884771094012,-0.14221884771094007,0.7499762979729555,1.0,7.0]|[18.675436554066426,17.61724487215507,1.4203128153777365,-0.6032366943920834,-0.6032366943920835,1.490727363703607,1.0,8.0]|[12.267710972979264,-8.378933546656388,0.5740545636557408,0.078978939468864,0.07897893946886399,0.6357455314955464,2.0,65.0]|[23.67339132949598,-4.723750917765487,0.8853689559433618,0.18670411791211403,0.18670411791211405,1.7837943947169428,2.0,66.0]|
4|[9.405969601153387,11.965046470759479,0.6470779489895593,-0.09765773083709522,-0.09765773083709522,0.5996212888402807,1.0,7.0]|[15.87800725593592,16.514899647007557,1.2429849308014316,-0.41309011828619085,-0.41309011828619097,1.210484519710837,1.0,8.0]|[11.40172717239139,-9.597697881513747,0.5684920808209367,0.105734481442857,0.105734481442857,0.6050961956346073,2.0,65.0]|[24.149705684283152,-6.081457296278751,0.864761956257418,0.2702854370434152,0.2702854370434152,1.87001188194824,2.0,66.0]|
5|[8.015304499002667,10.095364766765798,0.5068225915904938,-0.01564983113711362,-0.01564983113711359,0.49953677838393196,1.0,7.0]|[15.63411159158031,15.728927422272827,1.1589002602010936,-0.38032425207614795,-0.38032425207614795,1.1543010771359854,1.0,8.0]|[8.952666227501076,-8.465896809784189,0.45710401625960734,0.01639004594215436,0.016390045942154353,0.4589375563759938,2.0,65.0]|[22.26504984528213,-5.909822399062334,0.8052509654554595,0.22642149395131442,0.22642149395131447,1.59818688878138,2.0,66.0]|[29.075253067500018,8.361612325665709,1.1225567645805912,-0.4997303403085706,-0.4997303403085706,2.7165192779188567,2.0,67.0]|
5|[7.957058277556834,10.75744005556287,0.5221151244557665,-0.05052070440818601,-0.050520704408186,0.4911834552855181,1.0,7.0]|[14.041344930481412,16.89151623698625,1.1941027876240784,-0.3772991331797281,-0.3772991331797281,1.0538538693224482,1.0,8.0]|[7.142300847237338,-9.976341552356798,0.4490867992885359,0.029813385034756928,0.02981338503475692,0.42878767776240023,2.0,65.0]|[20.685079175799835,-6.096610757577581,0.7542349255532569,0.20601949779432976,0.20601949779432985,1.3925136165978178,2.0,66.0]|[26.865626842949386,8.199073068611174,1.0587334225843354,-0.4293442711785099,-0.4293442711785099,2.3345205318390083,2.0,67.0]|
5|[7.437424141918327,11.294872596132151,0.5267921543756942,-0.0679291676685534,-0.0679291676685534,0.46836112089800486,1.0,7.0]|[14.14526542841803,17.5598321856412,1.24115107054688,-0.4316217535487137,-0.4316217535487136,1.0530303796744676,1.0,8.0]|[17.629994299463384,23.560990775574684,2.089151949432286,-0.8243889037100538,-0.8243889037100536,1.6042920572552894,1.0,9.0]|[18.82122918441269,-5.58888597877318,0.6874535460419933,0.1535619858249528,0.1535619858249528,1.1589919531115422,2.0,66.0]|[24.6702071724799,5.2218623372722055,0.9236955398945719,-0.22509178004468366,-0.22509178004468364,1.939476458558624,2.0,67.0]|
4|[12.448613714814181,15.15899834017131,0.9886877815005952,-0.2602056098801602,-0.26020560988016017,0.8855102987824218,1.0,8.0]|[14.419170663868618,26.047264699242028,2.34468810969251,-0.76807690560276,-0.76807690560276,1.3823985227599023,1.0,9.0]|[17.32944422127849,-5.8061507971353885,0.6362151175952739,0.1365601519825566,0.13656015198255655,0.9980482567450166,2.0,66.0]|[23.41978142644947,6.419734630730123,0.8951261317981323,-0.2597686072529023,-0.25976860725290235,1.7715791569426718,2.0,67.0]|
4|[9.463764039908835,17.402713937684545,1.092433428456978,-0.24614239109634758,-0.24614239109634756,0.7736620442017995,1.0,8.0]|[15.830858068348652,23.931838426355576,2.072169019307587,-0.7570138323025345,-0.7570138323025346,1.428538387150228,1.0,9.0]|[14.572150546369611,-6.87882768500609,0.5895770374996151,0.10473353172523968,0.1047335317252397,0.7620054102186942,2.0,66.0]|[21.776333608447942,5.252909998923987,0.8153592122834201,-0.18157935985651333,-0.1815793598565133,1.524309346523526,2.0,67.0]|
4|[8.612753257501037,16.18073254564509,0.9526733782911653,-0.18279561989075077,-0.18279561989075077,0.7065555212516763,1.0,8.0]|[12.682634689582677,23.825792467936644,1.9724133038121456,-0.571427046571692,-0.571427046571692,1.2030962537120893,1.0,9.0]|[13.899904510202846,-7.651353729802081,0.5604636342087471,0.12453991457150833,0.1245399145715083,0.7181559027504612,2.0,66.0]|[22.114783004608498,5.8202414184768605,0.7784804688643917,-0.22520123834224132,-0.22520123834224134,1.5748933857538985,2.0,67.0]|
4|[9.023796982812264,14.376998124238566,0.8098394051140902,-0.14426027587095278,-0.14426027587095278,0.6705450868379881,1.0,8.0]|[14.437013197272035,21.740799735226396,1.7433864003989534,-0.5797610642276345,-0.5797610642276346,1.2553114068705138,1.0,9.0]|[10.685608112737091,-7.641551753597577,0.4782610050035451,0.04364448390085771,0.04364448390085774,0.5080802345312878,2.0,66.0]|[20.126403981292967,2.503534228194667,0.6764973157488766,-0.07574424582762401,-0.075744245827624,1.2759983355655928,2.0,67.0]|
4|[10.009216512114959,13.027910885507248,0.7351646395672307,-0.14095698030943124,-0.14095698030943127,0.6599921049510329,1.0,8.0]|[13.525077041605215,21.55185616099908,1.6892634395301565,-0.53200853600589,-0.5320085360058902,1.1753888995235717,1.0,9.0]|[8.7567988497605,-8.448463033937962,0.43393169728074926,0.027731601419684143,0.027731601419684126,0.43592025009398483,2.0,66.0]|[18.7716113499376,1.3963583831082,0.6180187776558748,-0.03639197397835514,-0.036391973978355134,1.104538533123983,2.0,67.0]|
4|[8.049638181068886,13.152489845570162,0.6833292022974021,-0.09760762123412246,-0.09760762123412253,0.5835840517154008,1.0,8.0]|[14.469621296978621,20.648196021385093,1.5997351762114485,-0.5520469190321593,-0.5520469190321593,1.1988199689653798,1.0,9.0]|[7.020918193624578,-10.50061088880724,0.46021411418665875,0.05742017012629773,0.05742017012629777,0.41272775295364084,2.0,66.0]|[17.47475578258725,1.7384856414061676,0.567983556542504,-0.03936850421676064,-0.039368504216760636,0.9597877984191453,2.0,67.0]|
4|[8.816735908416467,11.700754285390968,0.6073914265426897,-0.0840823299553868,-0.08408232995538682,0.5591627545072193,1.0,8.0]|[14.032955906738199,17.36705534025207,1.251020118732018,-0.37980703810886307,-0.379807038108863,1.0878667629627337,1.0,9.0]|[16.042766835978128,-1.04206897024517,0.5147582682025081,0.019025980901217154,0.019025980901217158,0.8064294988524453,2.0,67.0]|[26.49215925258485,13.210020772283169,1.3311508729540107,-0.7017710618977343,-0.7017710618977343,2.3885938479483344,2.0,68.0]|
4|[9.769174024456532,10.375972699566667,0.5557975234056808,-0.08377327725310543,-0.08377327725310542,0.5456949061936823,1.0,8.0]|[15.547741639766448,16.361148565134318,1.1913620302209245,-0.42150865370189056,-0.4215086537018906,1.1483544550487093,1.0,9.0]|[12.789253394011489,-1.2343535020737382,0.4644640493841806,0.004963877566000491,0.004963877566000492,0.5154161662419466,2.0,67.0]|[25.33147529037752,8.487071678988833,1.0664488027805121,-0.38994650103834405,-0.38994650103834405,2.0996793967915814,2.0,68.0]|
5|[6.960854091552223,9.956660104837507,0.45300119809885536,-0.011739233140293744,-0.011739233140293738,0.44441672283841405,1.0,8.0]|[14.753091785204527,14.275334604178987,1.00439982075077,-0.30245714904530646,-0.30245714904530646,1.024316880693606,1.0,9.0]|[20.21350933714993,22.094856142601785,1.971605769226965,-0.9080816117843846,-0.9080816117843847,1.809765313955139,1.0,10.0]|[10.524296189090936,-4.605307281981846,0.41544758417778227,-0.0013336590253712301,-0.0013336590253712698,0.4129834281410659,2.0,67.0]|[27.617490782310362,5.688187424716054,0.9532581509864846,-0.315399408864862,-0.31539940886486195,2.4196359489293378,2.0,68.0]|
5|[7.329920681593909,8.789234057034948,0.4072103925734427,-0.0025081269457269875,-0.002508126945726971,0.4062946149312129,1.0,8.0]|[16.098123980135252,13.11606301156253,0.9419824420748374,-0.33033494223140497,-0.330334942231405,1.0782793727603082,1.0,9.0]|[22.481104024114927,18.30322380246492,1.6138613424333306,-0.8242393308906926,-0.8242393308906927,1.9551779361388981,1.0,10.0]|[10.03372424022675,-5.682985715971356,0.38150285446848886,0.019273675676320337,0.019273675676320347,0.40461554174374653,2.0,67.0]|[22.836475487152406,6.194481263493777,0.9012038963778833,-0.23012807588006945,-0.23012807588006945,1.6871672576613097,2.0,68.0]|
5|[8.135284775296544,9.338105302327818,0.4328444954588138,-0.05334225056005935,-0.05334225056005933,0.41808682489500265,1.0,8.0]|[14.421867745670088,12.210072364048118,0.83375745324828,-0.23882834727526023,-0.2388283472752602,0.9136477214679327,1.0,9.0]|[21.546359644165598,13.969679802852175,1.2461004332217702,-0.52807836609305,-0.52807836609305,1.7182085698135237,1.0,10.0]|[6.47527455338896,-6.189297867601328,0.2916962489235965,-0.03915119223383185,-0.039151192233831816,0.2881581776222846,2.0,67.0]|[22.871265063307764,2.9413145702652073,0.8018023734277063,-0.11058352245032252,-0.11058352245032252,1.6474635379447629,2.0,68.0]|
5|[6.569011478970438,7.769706468896616,0.33020009189391303,0.007928802424014635,0.007928802424014635,0.3328746127176321,1.0,8.0]|[13.74869489883085,11.590978555863662,0.7638026756947297,-0.2080154511151917,-0.2080154511151917,0.8351716381404874,1.0,9.0]|[20.606126911903996,17.36367594149307,1.4464417324509367,-0.6931789891253477,-0.6931789891253477,1.6849586060243562,1.0,10.0]|[5.483584341901456,-6.6824993952100185,0.25778034811574574,-0.029571710820397716,-0.029571710820397695,0.26955131693516293,2.0,67.0]|[21.11754821315956,1.2916450602681926,0.7375830292173035,-0.04044252554627017,-0.04044252554627019,1.3963181055805152,2.0,68.0]|
4|[4.306328729179502,7.973436483215176,0.2685825939239992,0.022145513075544115,0.02214551307554408,0.2976259475754287,1.0,8.0]|[14.345834418569243,8.252012631199104,0.6216250621644843,-0.13477244148756654,-0.1347724414875665,0.7783984025925117,1.0,9.0]|[19.090292045368557,15.590866746391008,1.2510722138594357,-0.5287138052901637,-0.5287138052901637,1.466661982102857,1.0,10.0]|[19.38056519031635,-1.5359604189341898,0.6849619100074248,0.039322359742607865,0.03932235974260786,1.1780103508767172,2.0,68.0]|
3|[12.539321183359167,6.8885876684858225,0.531820156191964,-0.059231362553967666,-0.0592313625539677,0.6070999447774614,1.0,9.0]|[18.78257791099462,15.012206975548512,1.1772853036885518,-0.5030676148128824,-0.5030676148128824,1.4046172044663183,1.0,10.0]|[19.300414794747578,-1.848061129178052,0.6332916274819352,0.05184487793515662,0.05184487793515661,1.169774623551731,2.0,68.0]|
4|[10.97293412412876,7.810168514756317,0.49247731237192754,-0.0529574705014939,-0.052957470501493915,0.5291868061866175,1.0,9.0]|[16.94464384587549,12.79045623042659,0.9767837498930471,-0.32585414051237926,-0.32585414051237926,1.1625044337401498,1.0,10.0]|[20.17196219096378,23.19569842903101,2.1076948598262377,-0.971929073333021,-0.9719290733330213,1.8353062930656998,1.0,11.0]|[16.523132560963507,-2.702575255210768,0.5829817268507107,0.04792400697072653,0.04792400697072654,0.8681431893342736,2.0,68.0]|
4|[8.92366900407449,8.15360548610277,0.43201883093564686,-0.022457803540253195,-0.022457803540253184,0.43607783269101075,1.0,9.0]|[18.179219446419193,9.84410419047397,0.8339242966680281,-0.2716468499730491,-0.27164684997304905,1.188480012796969,1.0,10.0]|[17.78217632086304,22.870768056058722,1.9936715123806754,-0.8090444909034826,-0.8090444909034827,1.582146385757403,1.0,11.0]|[15.816596361839919,-2.7872960297290383,0.5314338781074391,0.04839141540203277,0.04839141540203275,0.7975046140818611,2.0,68.0]|
4|[9.184466788769647,5.98170158113342,0.3716187213687016,-0.0024741261894364406,-0.0024741261894364167,0.3738062015682182,1.0,9.0]|[15.237499523713648,9.128225351944923,0.7339652457792354,-0.150950642609003,-0.15095064260900304,0.8955140917287195,1.0,10.0]|[18.55762449690448,20.100688501267065,1.6844055463626342,-0.7087983303950831,-0.7087983303950831,1.571056933898448,1.0,11.0]|[13.816949706141312,-4.390123240895244,0.4889279480446456,0.053341288917690535,0.05334128891769055,0.6398595777419311,2.0,68.0]|
5|[7.646165904728014,6.900949822901923,0.3310699871447689,-0.0004038411722840736,-0.00040384117228407356,0.3311529563862131,1.0,9.0]|[13.644844577064267,10.763700207064899,0.7324683694246866,-0.1667554749265166,-0.16675547492651666,0.8123150422293195,1.0,10.0]|[20.174624267616043,15.649161163678668,1.3151549357034842,-0.5600779149154578,-0.5600779149154579,1.6027533140805832,1.0,11.0]|[11.082890940718675,-4.1665807445982,0.42449825698263727,0.005110059956895415,0.005110059956895377,0.43616964196808894,2.0,68.0]|[25.46928380450487,2.2139133148152395,0.960972600955409,-0.09400543077351807,-0.09400543077351806,2.0342577172552936,2.0,69.0]|
5|[6.1761411127599715,5.790183407978613,0.26136448942943447,0.035058786645993635,0.03505878664599364,0.2568366830992639,1.0,9.0]|[12.748903215536597,8.900074202510057,0.6233605752707112,-0.09220947729064985,-0.09220947729064985,0.6910740520776331,1.0,10.0]|[15.644090463929052,19.25987209919064,1.495148497376668,-0.5279410169873754,-0.5279410169873753,1.2740129218028304,1.0,11.0]|[9.684515007166958,-5.86359309019956,0.381896208879019,0.011282569048213625,0.011282569048213615,0.3936997417346115,2.0,68.0]|[26.0328565636449,2.9524313056564746,0.9170091188828894,-0.1392747847297693,-0.13927478472976934,2.1292593989451976,2.0,69.0]|
5|[4.913126876227978,7.093260324602151,0.24204713848209286,0.013548094972637833,0.01354809497263785,0.2522229669416403,1.0,9.0]|[11.334130504183465,10.767226719599998,0.6344458720396681,-0.12281441589787911,-0.12281441589787914,0.6470550153491166,1.0,10.0]|[16.727787878233443,17.5335424283661,1.3466872831540437,-0.5119531384444773,-0.5119531384444773,1.2985003799179058,1.0,11.0]|[7.379312272129964,-5.0083551116769565,0.3043624176149812,-0.037878237089578534,-0.03787823708957854,0.2742606500783541,2.0,68.0]|[27.438633105771668,-1.1190558666410537,0.8522233942912414,0.06135557556846495,0.061355575568464944,2.354125969601758,2.0,69.0]|
4|[11.679359148330557,8.068380789310401,0.5265917904507332,-0.07122870097169279,-0.0712287009716928,0.5804921805998051,1.0,10.0]|[14.738771950028246,18.067851191794862,1.3299437630466138,-0.45238348279336504,-0.45238348279336504,1.1444092972358817,1.0,11.0]|[6.560246387456923,-5.159586089513795,0.2615258285060246,-0.03448527502724805,-0.034485275027248026,0.2448013377607504,2.0,68.0]|[24.530812273310527,0.6674171059049284,0.7990542775175009,-0.02946048563443805,-0.02946048563443805,1.8810683202387988,2.0,69.0]|
4|[10.208371881947553,9.772790732408007,0.5270077394202608,-0.09296048308846255,-0.09296048308846255,0.5351175950140105,1.0,10.0]|[15.05658534909875,15.910247020308406,1.1411923516977376,-0.3785911265994607,-0.3785911265994608,1.0994141652726446,1.0,11.0]|[4.5486472834498235,-5.267332816945176,0.19457675669494545,-0.0500480497910885,-0.050048049791088504,0.20931299749763882,2.0,68.0]|[21.908547681511596,2.561611556892552,0.7571835575763802,-0.08924187899675762,-0.08924187899675762,1.5100030162498435,2.0,69.0]|
3|[9.458299462524057,8.934201699704206,0.4608116439139532,-0.06440163221523097,-0.06440163221523103,0.4681581553542474,1.0,10.0]|[11.905490627826923,17.141862663020106,1.1484448623934382,-0.30630608697978573,-0.30630608697978573,0.9201546036931585,1.0,11.0]|[19.10674274495594,-1.9550459595733067,0.699906304349539,0.04633761590882418,0.046337615908824174,1.1480243154725245,2.0,69.0]|
3|[8.031493616066093,7.982700342490643,0.38213319719342753,-0.018462468432232405,-0.018462468432232395,0.38235821073789944,1.0,10.0]|[12.695342541875817,15.135778569017745,0.9943920482272218,-0.26844931537588346,-0.26844931537588346,0.8995040596297543,1.0,11.0]|[19.61862830541741,-2.211534344743448,0.6506836917835268,0.06395721056146444,0.06395721056146446,1.21084154861867,2.0,69.0]|
3|[5.808997518326403,8.096697802622247,0.31706643478948443,0.009415188085801818,0.009415188085801817,0.3234345617737728,1.0,10.0]|[10.672936841034021,15.953359129434153,0.9938528583142795,-0.23534602810445274,-0.23534602810445265,0.7995182261318585,1.0,11.0]|[16.55802729307611,-4.215816502435664,0.6112406445898243,0.07665356090670804,0.07665356090670807,0.8927882656233503,2.0,69.0]|
4|[4.733079646881292,6.26735279282858,0.2317861093998686,0.05168610392736831,0.05168610392736832,0.26119362144506103,1.0,10.0]|[9.561403020930568,15.00613332184121,0.8800556242356857,-0.17157285304278835,-0.1715728530427883,0.7201012476505236,1.0,11.0]|[15.661737277390884,-4.208892595388944,0.5592128347900241,0.07058826246752031,0.07058826246752031,0.8029095744711252,2.0,69.0]|[27.56197773456267,4.613992406800571,1.007036294926957,-0.23995818273877578,-0.2399581827387758,2.4002717729621565,2.0,70.0]|
3|[10.013636007097155,13.74145348950165,0.7914571830348598,-0.1536534780866959,-0.15365347808669583,0.6925724526124043,1.0,11.0]|[12.823208988744938,-4.385319569939813,0.49835754773498314,0.02585061284514046,0.02585061284514043,0.5651074205442932,2.0,69.0]|[28.385425977461175,1.0570979101045417,0.917352872236761,-0.05973510211055459,-0.05973510211055458,2.519148407624225,2.0,70.0]|
3|[10.352147943339013,12.532195898123415,0.7145267204279373,-0.13456797126771713,-0.1345679712677171,0.6627793159378793,1.0,11.0]|[11.948979116142667,-5.569069472473507,0.4585389335428996,0.03940906988696501,0.03940906988696505,0.5247275040895715,2.0,69.0]|[23.74820738376366,2.8725083721629256,0.8764757718867875,-0.11027823572331051,-0.11027823572331051,1.7748523655783848,2.0,70.0]|
3|[8.695808691032672,14.502229512961113,0.795767348456632,-0.16303315283295577,-0.16303315283295575,0.6216303941879899,1.0,11.0]|[10.776354628177153,-6.062636753262189,0.413426235260113,0.03619367710815224,0.03619367710815222,0.4573985112572866,2.0,69.0]|[22.249813071437103,1.9973018355247227,0.8170095379289146,-0.06665036690153482,-0.06665036690153484,1.5535072958288791,2.0,70.0]|
2|[7.47905891147102,-6.741223755562442,0.33480697395789155,-0.016221791886828287,-0.016221791886828284,0.33143114291532166,2.0,69.0]|[23.38728648831368,0.36429239350103637,0.7591708210507379,-0.014805286251102258,-0.014805286251102256,1.7094279937872963,2.0,70.0]|
2|[6.277334050949833,-6.256169626744437,0.2783722578379182,-0.032812633442202,-0.03281263344220196,0.2781506238905207,2.0,69.0]|[20.387865170608915,-0.7853111324692555,0.707926104714349,0.022839094801396842,0.02283909480139685,1.299983832232642,2.0,70.0]|
1|[18.654146099069735,-2.4718496443769906,0.6633474909553746,0.05872294696671905,0.05872294696671904,1.0987267731892492,2.0,70.0]|
1|[16.91070539968914,-3.070027912566515,0.6149720240815221,0.055939288568708286,0.05593928856870828,0.9129482827962289,2.0,70.0]|
2|[15.556693251632934,25.29948119399891,2.2695308682593915,-0.7918597910708268,-0.791859791070827,1.468663983220806,1.0,12.0]|[14.680849328853041,-6.188772900711793,0.5911946868443676,0.08515741828837443,0.08515741828837446,0.7573044811843441,2.0,70.0]|
2|[21.38949587029928,20.038027661171487,1.7607639554642591,-0.8653179668366889,-0.8653179668366888,1.8737994939147913,1.0,12.0]|[13.019805825781395,-6.023586700486615,0.5316033883444727,0.05158984100457997,0.05158984100457996,0.6192453801375706,2.0,70.0]|
2|[16.662530845473885,22.42369422833114,1.8975409921534252,-0.7285530455049156,-0.7285530455049156,1.4584576420361153,1.0,12.0]|[11.246205097006355,-7.548845558390555,0.49733939439483155,0.05099540188650075,0.050995401886500744,0.5390820105035884,2.0,70.0]|
3|[18.416176881574774,18.025219158668,1.4662330519569062,-0.5960130144605043,-0.5960130144605043,1.4918130504356255,1.0,12.0]|[7.947782911196159,-8.215837501109682,0.41527465599858837,-0.00717907944361711,-0.007179079443617103,0.4157510132856659,2.0,70.0]|[28.109393006588505,1.108923149713647,0.9583329157925253,-0.059753702972694785,-0.059753702972694785,2.470634518163753,2.0,71.0]|
3|[16.68018760412936,14.534757589487175,1.1420121417164564,-0.33776151277968935,-0.3377615127796894,1.235311437572194,1.0,12.0]|[6.72222810259737,-8.90151410308443,0.38856501485556477,0.00034296197312981596,0.0003429619731298206,0.38836986504540805,2.0,70.0]|[26.503363648699995,-1.0789544402483606,0.9054835982868286,0.05264686864896409,0.052646868648964104,2.19655444798144,2.0,71.0]|
2|[13.451632104793005,17.691183486179206,1.2754240640143852,-0.3525570060875145,-0.35255700608751456,1.0798211777749807,1.0,12.0]|[24.45643598640143,0.8154003860428751,0.8519307716569894,-0.03398238051415847,-0.03398238051415847,1.8700368160099188,2.0,71.0]|
2|[17.059222334322428,17.687075785608158,1.3511999300988768,-0.5555258460269015,-0.5555258460269016,1.3110341847267026,1.0,12.0]|[23.211005740661246,-2.960502913805891,0.813349537285315,0.11448827358758108,0.1144882735875811,1.6963605586136787,2.0,71.0]|
2|[14.93377342112659,14.892826454299884,1.063258720854142,-0.3258705564825805,-0.3258705564825806,1.0650481887881116,1.0,12.0]|[21.990686238992872,-4.0851397345480915,0.7748462638834703,0.14647790519834727,0.14647790519834725,1.5361396849486588,2.0,71.0]|
2|[14.314257483359425,16.37498763444829,1.141572497509151,-0.38511826483601824,-0.3851182648360182,1.0376638619946275,1.0,12.0]|[19.957146149418925,-4.823577624966895,0.7319836495437297,0.14147895772848057,0.14147895772848057,1.28314591471451,2.0,71.0]|
2|[14.67970411902257,12.334631090299924,0.8643576737579971,-0.23904499734958418,-0.23904499734958418,0.9479924402332762,1.0,12.0]|[17.135109752364205,-7.957686861598948,0.7320412107907763,0.17804097390160298,0.178040973901603,1.0327291689827691,2.0,71.0]|
2|[13.52616188416499,13.985604056201744,0.9137314454267398,-0.2783800362737872,-0.27838003627378716,0.89513064633971,1.0,12.0]|[16.916866995528185,-8.567450586273832,0.7089384948137388,0.21004238281870974,0.21004238281870977,1.0173031001278487,2.0,71.0]|
2|[13.237663972952259,11.836341655020473,0.7647988261908991,-0.19725594925278594,-0.19725594925278594,0.8090335197493145,1.0,12.0]|[13.563603592382577,-8.023432468616297,0.6143301566251724,0.09567798282782572,0.0956779828278257,0.7194761955691278,2.0,71.0]|
2|[12.471710213467285,10.994996123894134,0.6880383801390114,-0.15498883130403812,-0.15498883130403812,0.7272060620199953,1.0,12.0]|[11.482653017614478,-10.787913879021557,0.6373967866089035,0.12994472259383785,0.1299447225938379,0.653627289336419,2.0,71.0]|
2|[10.762616075917926,10.740073519165774,0.6186264522692447,-0.10359384336532082,-0.1035938433653208,0.6190608672571022,1.0,12.0]|[9.37025586742055,-10.10060438883438,0.5389420106160505,0.05847838626572604,0.058478386265726046,0.5301555925745398,2.0,71.0]|
2|[9.280870365218494,11.711184420730863,0.6139597665900979,-0.10574552689015668,-0.10574552689015664,0.5643245605896459,1.0,12.0]|[8.927782997896662,-10.588372122805968,0.5332939084095274,0.07843324929098953,0.07843324929098955,0.5064043397082655,2.0,71.0]|
2|[7.594385555327208,9.837281392999696,0.46967925571829455,-0.016788463407160434,-0.016788463407160413,0.4608932549533399,1.0,12.0]|[6.338289756065099,-9.435396856464164,0.40548830040073974,-0.0025925850094377528,-0.0025925850094377584,0.4076061259189366,2.0,71.0]|
1|[6.720448196281484,11.334638650072549,0.5102957962306096,-0.054506054701960106,-0.05450605470196014,0.45068376383499514,1.0,12.0]|
0|
0|
1|[27.534790270265788,9.851316511658894,1.1855475374511786,-0.5319997015628133,-0.5319997015628133,2.482168884825779,1.0,13.0]|
1|[27.243071609895615,8.547945207981993,1.089583850086875,-0.45748517385012144,-0.45748517385012133,2.4040871026989947,1.0,13.0]|
2|[24.68680442865319,10.99356022758084,1.1265868198356743,-0.5145957613996853,-0.5145957613996854,2.0529869463995647,1.0,13.0]|[26.849090611896468,-9.890453407802255,1.1619115035321714,0.5144227530875151,0.514422753087515,2.368888793562231,2.0,72.0]|
2|[23.695754667835487,9.65199282333839,1.0196759318027206,-0.41795236348884135,-0.4179523634888413,1.875509291248117,1.0,13.0]|[25.61999248647954,-8.055923409648893,1.0425692750593436,0.38091365456368226,0.3809136545636823,2.134202554547066,2.0,72.0]|
2|[20.580297241568132,12.722511876172376,1.0861584736279242,-0.4594546421508654,-0.45945464215086546,1.5453556045776202,1.0,13.0]|[22.510991652157568,-11.404381937627727,1.1016501198931636,0.450044694051677,0.450044694051677,1.7619897797551927,2.0,72.0]|
2|[20.034765313815385,12.098200935840506,1.011091415771082,-0.4230832656813985,-0.4230832656813984,1.4562391389306586,1.0,13.0]|[21.34632395393917,-11.00122134908502,1.0301082470660388,0.39788096335012135,0.3978809633501213,1.5970850543231416,2.0,72.0]|
2|[19.281131560115927,8.727160534169533,0.8272664034921635,-0.25912086633518494,-0.25912086633518494,1.282463442961567,1.0,13.0]|[19.623854346607402,-11.861822325448955,1.0088327051424857,0.3833881234398012,0.3833881234398011,1.4113563441295216,2.0,72.0]|
2|[17.772039869656286,8.400132477014818,0.7643844346146088,-0.20944683969125882,-0.20944683969125888,1.1085109664560342,1.0,13.0]|[20.144428139342068,-7.787548526099968,0.8244944779580062,0.2447565981282719,0.24475659812827197,1.3629987902638896,2.0,72.0]|
2|[14.643504347999174,11.01857205280964,0.7765414888520921,-0.20538130545635566,-0.20538130545635566,0.8949498217512457,1.0,13.0]|[17.03532303415173,-10.219485096342405,0.8290183737499636,0.2424889961353104,0.24248899613531044,1.0877652004017875,2.0,72.0]|
2|[12.249982025811125,10.485189949055528,0.6783339502630031,-0.11483177136939612,-0.1148317713693961,0.7142048358846508,1.0,13.0]|[17.153034012092462,-8.121540609641357,0.7275255298845997,0.18846267129520555,0.18846267129520555,1.0363341378024793,2.0,72.0]|
2|[11.68875250145476,9.685044737026415,0.6131854473917506,-0.08856641419203878,-0.08856641419203877,0.6466908880295139,1.0,13.0]|[15.554262833914143,-8.559768968839268,0.6851478258606072,0.16501471618729915,0.1650147161872991,0.8941916412188521,2.0,72.0]|
2|[12.045604657183274,10.801925888556715,0.6426638181744282,-0.15727459193700138,-0.15727459193700136,0.6770098252807296,1.0,13.0]|[11.536365825202912,-10.452932635785547,0.644565952689824,0.1021817329759244,0.10218173297592445,0.664753316158171,2.0,72.0]|
2|[9.88006910784739,10.914442262896596,0.5821280835919518,-0.1051426225571564,-0.10514262255715637,0.5611559200445408,1.0,13.0]|[11.180811935941694,-9.580677351381492,0.5818399917124748,0.08196195327977801,0.08196195327977801,0.6072589505624416,2.0,72.0]|
2|[7.538172133024203,8.201813376118965,0.40868315061532207,0.022734685421892525,0.02273468542189253,0.4125242072634492,1.0,13.0]|[10.632435048567944,-10.129022240863632,0.568950283826335,0.09996566489559515,0.09996566489559512,0.5786516453873621,2.0,72.0]|
2|[6.863411707727274,9.903145703917202,0.43776711272089536,-0.022957044923207392,-0.02295704492320739,0.4205530950263061,1.0,13.0]|[9.562362135391018,-9.357601751292027,0.4978593404115521,0.06020193000348539,0.06020193000348541,0.5004657754673266,2.0,72.0]|
1|[6.292602304281911,-9.355677041933085,0.40063489714122236,-0.005014543033371447,-0.005014543033371446,0.40471762131261224,2.0,72.0]|
0|
1|[26.869415066796623,11.73879426636582,1.265023480049406,-0.6211195487223927,-0.6211195487223928,2.4153732269801322,1.0,14.0]|
1|[26.170716163889665,10.91064305885299,1.1786634498676538,-0.5559993898537197,-0.5559993898537197,2.2805087375999236,1.0,14.0]|
1|[23.884365086801512,10.518916577194602,1.09988705498312,-0.45298629338350527,-0.4529862933835054,1.9289428465682679,1.0,14.0]|
1|[22.78074826089583,10.230617929282372,1.0379564785133706,-0.4090566783230852,-0.40905667832308523,1.7651087594196533,1.0,14.0]|
2|[21.330694016821305,11.216645290384482,1.0265216647516895,-0.41462432879256084,-0.41462432879256084,1.596984482122346,1.0,14.0]|[27.356876601136687,-8.556838685411215,1.118398687681866,0.4532654283818761,0.4532654283818761,2.425748473358674,2.0,73.0]|
2|[21.302103169231618,10.440784007108547,0.9559863604724513,-0.393430747844925,-0.393430747844925,1.5658625869076819,1.0,14.0]|[26.591654490715683,-7.098200339684588,1.023896955458343,0.3585613119682887,0.35856131196828867,2.2714463702221717,2.0,73.0]|
2|[19.040282062752794,10.330147078019825,0.8884219937226135,-0.31356050607692804,-0.3135605060769281,1.296249629532973,1.0,14.0]|[24.390459723055212,-10.43320692164673,1.0841295109572053,0.4769708550344552,0.47697085503445524,1.9951506978947369,2.0,73.0]|
2|[16.95825698873505,11.46903212087176,0.8735427311677197,-0.29500212244301105,-0.29500212244301105,1.1102238576894918,1.0,14.0]|[22.888312062924726,-11.042083590976162,1.0562653647209215,0.4640241044137283,0.4640241044137284,1.7942456717946245,2.0,73.0]|
2|[16.64472827148476,9.175044031783283,0.746603945922364,-0.21069053188885972,-0.21069053188885964,1.0126855220423103,1.0,14.0]|[21.552500923617796,-8.739258523172854,0.9129441804622265,0.3151847198498911,0.31518471984989116,1.5624401152206957,2.0,73.0]|
2|[13.004750831232583,10.28366096170332,0.6921213194935377,-0.13194559902021222,-0.13194559902021222,0.7546426023655057,1.0,14.0]|[20.41057145446436,-8.178775916765666,0.845254485594322,0.2667194956793611,0.26671949567936104,1.403989311888202,2.0,73.0]|
2|[12.594894001729564,10.979923191020308,0.6870967027668943,-0.16159313830216673,-0.16159313830216676,0.7315846234261382,1.0,14.0]|[18.51640014575584,-11.210238674703858,0.8992515229569983,0.34198771568830666,0.3419877156883067,1.2570793922053776,2.0,73.0]|
2|[12.605039929062793,8.241268296351153,0.5667939211776108,-0.09281720846180054,-0.09281720846180057,0.6480734904535597,1.0,14.0]|[16.930451759811934,-8.45208482841835,0.7409634251617363,0.1887143679865422,0.1887143679865422,1.024768268198405,2.0,73.0]|
2|[9.701484656142538,10.777380931149743,0.5723965742374855,-0.09408318595988682,-0.0940831859598868,0.5525704930433355,1.0,14.0]|[15.209953658614236,-8.943145224893607,0.6974235163520365,0.16195711612333577,0.1619571161233357,0.8776427503751797,2.0,73.0]|
3|[7.818934904453286,10.209966459525148,0.4854999758203817,-0.04087567691987902,-0.040875676919879055,0.4634276745490233,1.0,14.0]|[27.73883407299821,13.13058737987166,1.3329422649386777,-0.7622673877519515,-0.7622673877519516,2.5824287614899033,1.0,15.0]|[16.02543083012104,-11.03003111445036,0.7593425661434552,0.29140496507433133,0.2914049650743313,0.9821530870213523,2.0,73.0]|
3|[6.489456428348552,9.594011466153711,0.41308195415142485,-0.009101993309297571,-0.00910199330929755,0.4057822204371573,1.0,14.0]|[24.773646759820856,14.002876213284358,1.3144429354489044,-0.6874322285672994,-0.6874322285672994,2.1420769604936405,1.0,15.0]|[12.442543476247812,-8.182278623487608,0.5700048680972761,0.08088978285260505,0.08088978285260506,0.6398179883647926,2.0,73.0]|
2|[21.857635180810423,14.79148657768586,1.2872612537564785,-0.6018819234497663,-0.6018819234497663,1.7693673707028008,1.0,15.0]|[10.453253330310067,-10.91342713627824,0.6003055903264626,0.11834197158436238,0.1183419715843624,0.5901059438059911,2.0,73.0]|
2|[21.33278202794562,11.154266109995975,1.0440778720551946,-0.4009639267202152,-0.4009639267202152,1.6012783975611888,1.0,15.0]|[9.02168096113916,-9.612264831682324,0.4944282858566265,0.05183159307426622,0.05183159307426619,0.48785068108779256,2.0,73.0]|
3|[20.633498648994262,11.958867609567706,1.0378343377071975,-0.42860566684126555,-0.4286056668412655,1.5289252311209889,1.0,15.0]|[8.168991096099553,-9.135908122328159,0.440749895743828,0.031996789074218795,0.03199678907421882,0.4335761738794517,2.0,73.0]|[27.99823211038636,-4.920842882840424,1.0385223736992377,0.26131436244434,0.26131436244434,2.4794012357234267,2.0,74.0]|
3|[18.542648193251647,12.721904533836941,1.0123929002511893,-0.3895791513530055,-0.3895791513530056,1.3129330580522396,1.0,15.0]|[6.481747874877501,-8.83943483068932,0.3753293620796658,0.00017772707302185847,0.00017772707302188132,0.37521731116949075,2.0,73.0]|[29.17930295013561,-3.7004976747860425,0.9679111747502255,0.2201037718351794,0.22010377183517937,2.675568287359755,2.0,74.0]|
2|[14.484743880762379,14.256087340338249,0.9915366846644812,-0.29448516969534466,-0.29448516969534455,1.0009087479680467,1.0,15.0]|[26.27675195711382,-5.802218406348931,0.9510582112265434,0.2896674641019964,0.28966746410199634,2.198925499379535,2.0,74.0]|
2|[15.153984922524982,12.130213592377537,0.8617537644073868,-0.2526944328566333,-0.25269443285663323,0.9751661591388427,1.0,15.0]|[26.43385276553499,-4.972217851504215,0.8826421305542851,0.25923561131263173,0.25923561131263173,2.2120567520435404,2.0,74.0]|
3|[14.886904646334031,10.991540566376525,0.7780183542272039,-0.21564853411444757,-0.2156485341144476,0.9108708666814126,1.0,15.0]|[20.7249551176529,22.381419416753552,2.023684268456608,-0.9545892426574883,-0.9545892426574882,1.8767378891589508,1.0,16.0]|[21.98169223468136,-4.020864819141438,0.8056695115624745,0.13807019982729057,0.13807019982729055,1.5352307563799952,2.0,74.0]|
3|[10.867983871394381,12.580966821701706,0.7424792839600818,-0.14034963729319663,-0.1403496372931967,0.7012482006038049,1.0,15.0]|[20.421624199897572,21.755007067085195,1.9280856528161234,-0.9099066586873624,-0.9099066586873624,1.81290644324657,1.0,16.0]|[20.446034132181314,-7.00577800144047,0.8039929486535997,0.22468818268120389,0.22468818268120389,1.3827460644399896,2.0,74.0]|
4|[9.779455031609393,12.829171119447787,0.7140615320878876,-0.13004646411306542,-0.1300464641130655,0.642592338830561,1.0,15.0]|[13.202729394650977,22.90824840142088,1.8708644535967502,-0.5444690925492885,-0.5444690925492885,1.2399425012984517,1.0,16.0]|[18.695777176379934,-6.732229553453102,0.7382995873199366,0.1784646231932649,0.17846462319326484,1.1696418383661267,2.0,74.0]|[28.35306641989321,8.084013338045732,1.1174678461693273,-0.45587640601481527,-0.4558764060148153,2.58638425560459,2.0,75.0]|
4|[8.500760206050066,11.329734569179713,0.584635493450895,-0.0563930394186927,-0.056393039418692704,0.5517873700665815,1.0,15.0]|[12.90837460611628,21.997859717234345,1.7414061527998073,-0.496726458035737,-0.4967264580357372,1.1863874895888828,1.0,16.0]|[17.521005718269823,-6.448941578965242,0.6777035985673757,0.151488976675085,0.151488976675085,1.0335226765249248,2.0,74.0]|[28.669370085231073,4.348141655635684,0.972423826791048,-0.2510305732649034,-0.25103057326490336,2.589515461143857,2.0,75.0]|
4|[6.438843182712586,12.354269334155656,0.5791325297192065,-0.052535078649467666,-0.05253507864946767,0.5057134013024162,1.0,15.0]|[12.394700779862033,22.60592762457852,1.7968668942199024,-0.5109625567012531,-0.5109625567012531,1.1451117577781236,1.0,16.0]|[15.587140223693192,-7.17754322115068,0.6322993374595816,0.13258391722955057,0.13258391722955054,0.8591736818925568,2.0,74.0]|[25.5963554259249,5.417231664289589,0.9353726236529949,-0.2547570261636832,-0.2547570261636832,2.085179587563285,2.0,75.0]|
3|[14.093604313640627,20.22177624730867,1.5512181134343248,-0.4983854454832392,-0.4983854454832394,1.18347568708841,1.0,16.0]|[12.721388834832547,-7.899879912227897,0.572159413285838,0.07985161558830266,0.07985161558830269,0.6511594053463882,2.0,74.0]|[24.40984771353946,4.936159857955028,0.8724674451221902,-0.21549619357494126,-0.2154961935749413,1.8945419311312315,2.0,75.0]|
3|[15.1492770782138,19.698710719492727,1.5129598774755206,-0.5420028887850002,-0.5420028887850002,1.2250166086312662,1.0,16.0]|[12.34744301508204,-7.992836997504346,0.5355869798174979,0.090937635692467,0.09093763569246702,0.6172022584477507,2.0,74.0]|[21.7305514429543,3.2073783192414314,0.7923098774521147,-0.1056055180179534,-0.10560551801795341,1.4922186838686826,2.0,75.0]|
3|[12.06677450279438,20.826457994986963,1.5516740521794525,-0.44661328447412596,-0.446613284474126,1.0396150631752865,1.0,16.0]|[10.670318806499367,-8.040933060575016,0.47932468653787574,0.059170314630698474,0.059170314630698474,0.5132541651101441,2.0,74.0]|[22.33047685591563,2.045277103198305,0.7320508232963493,-0.07687100524403567,-0.07687100524403567,1.5642930603782816,2.0,75.0]|
3|[11.786144451842814,17.043981122387983,1.151625422819589,-0.2751426752352112,-0.2751426752352112,0.944005618836421,1.0,16.0]|[7.658022026092191,-9.233674778737173,0.4286226963312461,0.025414668376582922,0.025414668376582912,0.41905676955988175,2.0,74.0]|[20.614391033278412,1.593278453816142,0.6777365845852316,-0.05086873854436157,-0.050868738544361566,1.3319623986960594,2.0,75.0]|
3|[9.93973616490467,19.342109177340195,1.3208657000031858,-0.3054657939287687,-0.3054657939287687,0.8834243664462506,1.0,16.0]|[5.6827514175822476,-8.565653249866049,0.3418046080158699,-0.017497818604227396,-0.01749781860422741,0.3565705397624038,2.0,74.0]|[18.141139929770386,-1.5803304735339394,0.6262882625287253,0.03571141706990458,0.03571141706990458,1.0331205835742328,2.0,75.0]|
2|[12.761157957826425,17.120763306396835,1.1654600591263347,-0.3480464339112115,-0.34804643391121143,0.9579306380684243,1.0,16.0]|[17.36518647138317,-3.5455334965942207,0.5895896902682035,0.08004144657260995,0.08004144657260995,0.9652713627613184,2.0,75.0]|
3|[12.705208436016214,15.460205782515729,1.0167782696304637,-0.2854479386312096,-0.28544793863120954,0.9040151261726598,1.0,16.0]|[14.86557344752337,-4.101273267659096,0.5397225284232028,0.056119106414872645,0.056119106414872645,0.7276504486393727,2.0,75.0]|[25.042345875169538,12.292909443154581,1.25211748549297,-0.5791628498777558,-0.5791628498777558,2.14764950403558,2.0,76.0]|
3|[12.130501026032405,13.377311538987389,0.8474286397082693,-0.18926552340229336,-0.18926552340229336,0.8103351577388144,1.0,16.0]|[13.979515259391329,-4.753469994577649,0.4977947094858142,0.06240120962912891,0.062401209629128915,0.6600925388266571,2.0,75.0]|[26.468582460631552,9.8490408561247,1.1123668400023263,-0.5135274608771612,-0.5135274608771612,2.301349473489571,2.0,76.0]|
3|[14.028539387442558,14.02878182169975,0.9180237737622974,-0.3119863420488843,-0.3119863420488843,0.9180129906691388,1.0,16.0]|[10.227726069994025,-6.806711538609796,0.4435123266419744,0.018742152783320278,0.018742152783320257,0.4592009833078313,2.0,75.0]|[25.991228180327393,7.213843702804934,0.9729615911010226,-0.36101019553767016,-0.36101019553767005,2.1734707018667114,2.0,76.0]|
3|[11.346607811392674,13.8029557330194,0.8259081502375358,-0.20897783386063806,-0.20897783386063803,0.7434786972753773,1.0,16.0]|[8.373854073406445,-7.677279774361524,0.39549917011957497,0.007164460644481599,0.007164460644481601,0.396745186949683,2.0,75.0]|[22.65051618309629,7.0233526206097805,0.9044872402273278,-0.26446479478866186,-0.26446479478866186,1.6753900353318107,2.0,76.0]|
3|[11.017831986356866,12.49881194106119,0.7226147902107347,-0.16439318648618537,-0.16439318648618542,0.6810387179832177,1.0,16.0]|[6.386855395595063,-7.935377047926442,0.33519685504502106,-0.013597941689349009,-0.013597941689348973,0.3411472600213539,2.0,75.0]|[22.667693055210318,1.9265847124140811,0.7768528225771633,-0.07142995684710077,-0.07142995684710075,1.6112080446726151,2.0,76.0]|
2|[9.073581040574073,9.52735542515156,0.5213821815208621,-0.020527122491012458,-0.020527122491012455,0.5193779320850656,1.0,16.0]|[21.10973245677333,0.9815659962611463,0.7195069526793638,-0.031435188428765394,-0.031435188428765394,1.3940960101802404,2.0,76.0]|
3|[8.954793404690003,10.625362145550474,0.5452310872832857,-0.06900631722587014,-0.06900631722587007,0.5215080644474889,1.0,16.0]|[21.53546368680879,20.114735531811736,1.7895360133047729,-0.8631472120285799,-0.8631472120285799,1.907444316152305,1.0,17.0]|[17.65877980932234,-1.85179309135971,0.6681969180167976,0.03324050267559453,0.03324050267559453,0.9816940285434986,2.0,76.0]|
3|[9.840924217352478,9.661553117144122,0.5092813148923334,-0.08350255285162186,-0.08350255285162185,0.5123535834310143,1.0,16.0]|[21.15542970956071,18.282053661274652,1.5837363372631694,-0.7425985142876118,-0.7425985142876116,1.8013112942013256,1.0,17.0]|[17.48320711621649,-1.3798010646439922,0.6134435009999869,0.02744013442256049,0.027440134422560478,0.9589668125010551,2.0,76.0]|
3|[7.67809309498552,7.4684782762982325,0.3759077917645451,0.01690280166639391,0.01690280166639393,0.3749719347123369,1.0,16.0]|[21.907731037126105,13.411429805236684,1.21641461649666,-0.5175847082244089,-0.517584708224409,1.7450414856343337,1.0,17.0]|[16.215675574394975,-3.6099051988696296,0.5726822662416675,0.06450198791754791,0.06450198791754791,0.8480655448038623,2.0,76.0]|
3|[6.979436896125792,8.243267854672013,0.3623424657612889,-0.0026312091634676776,-0.00263120916346769,0.36146260005734737,1.0,16.0]|[23.010255601899907,15.94148135059879,1.3727566871746166,-0.7454307931253711,-0.7454307931253711,1.9322928390184317,1.0,17.0]|[14.49335850290881,-3.9682009710939394,0.5204159060828807,0.05071017799956962,0.05071017799956962,0.6917443338282786,2.0,76.0]|
3|[5.526092971346713,7.779985806119849,0.2993917101626778,0.020856842420133023,0.02085684242013302,0.3139407697057743,1.0,16.0]|[19.683756934299744,14.408209949313438,1.177812009437191,-0.4989830492738944,-0.4989830492738945,1.4942490572892082,1.0,17.0]|[13.180627737367395,-4.728744460473266,0.4745284123018664,0.04959734894185766,0.049597348941857626,0.59497940298944,2.0,76.0]|
2|[19.622795358724648,10.981718235374116,0.9620152634232478,-0.3459293495729689,-0.34592934957296895,1.3865464522444242,1.0,17.0]|[11.59031323244192,-6.753667106492293,0.44839443738118795,0.06638914480622014,0.06638914480622018,0.5236433347716734,2.0,76.0]|
3|[18.513984918214703,11.962143483864995,0.957856246197052,-0.3621068557681145,-0.3621068557681146,1.2843320556150064,1.0,17.0]|[8.75803348908914,-7.721065833529164,0.39234125258368013,0.029663111025262576,0.029663111025262565,0.3998372861389859,2.0,76.0]|[27.856213549084764,-3.869985878023981,0.9826121966772571,0.20687095300227917,0.20687095300227917,2.4429322638606448,2.0,77.0]|
3|[18.57787361298118,7.489364153447918,0.7593860629276896,-0.19932333594749208,-0.19932333594749202,1.1734671358575732,1.0,17.0]|[5.480117250392621,-7.8631733017349745,0.3002113173860609,-0.018866720132499175,-0.018866720132499175,0.3141334545919501,2.0,76.0]|[27.043159364237265,-3.9111379635437284,0.9318694400998422,0.202666600367899,0.20266660036789902,2.3038758948009037,2.0,77.0]|
3|[17.50807067565623,8.336870981522056,0.7339524191058211,-0.2100611799932862,-0.21006117999328622,1.075071596039375,1.0,17.0]|[4.739829202675261,-7.849540578964601,0.27125632080890905,-0.01408625803095729,-0.014086258030957324,0.286078524619996,2.0,76.0]|[23.383038769941166,-6.8809386111211746,0.9318736782490211,0.2721142394466365,0.2721142394466365,1.776506313687235,2.0,77.0]|
2|[14.630266947501953,8.457136886628918,0.6647815355633435,-0.13156963946256664,-0.1315696394625666,0.8163331617083203,1.0,17.0]|[22.732401536424074,-9.735995649565828,0.9736177955895805,0.40150051805634923,0.40150051805634934,1.7391166347168128,2.0,77.0]|
2|[13.223080473153672,8.624930966580225,0.6138488135738714,-0.10763247646776719,-0.1076324764677672,0.708657922924177,1.0,17.0]|[21.57267285056067,-6.9801490460019675,0.8332044987455974,0.2502270773860881,0.2502270773860881,1.5255854269877576,2.0,77.0]|
2|[11.324491789172392,7.847583106491697,0.5295440868137695,-0.04411669057777669,-0.04411669057777672,0.5626351471072712,1.0,17.0]|[18.28448773994971,-7.380116335294377,0.7752875985558432,0.17745912628306507,0.17745912628306507,1.1433212559707544,2.0,77.0]|
3|[11.065146162545439,9.265209650493528,0.5357948142176697,-0.09635742297524391,-0.09635742297524387,0.5701882004654805,1.0,17.0]|[28.393225299202896,10.452956364557812,1.214720795754688,-0.6059708564779535,-0.6059708564779535,2.6376233455148284,1.0,18.0]|[16.99595429366025,-8.721004502840882,0.7570053106459801,0.19670535348612544,0.19670535348612542,1.039421176220168,2.0,77.0]|
3|[10.346631505843481,7.835701861228907,0.4540860117975525,-0.054766691955674456,-0.054766691955674456,0.48492668036912817,1.0,17.0]|[27.403539253601398,6.293253025760917,1.018425000629582,-0.33346251893163226,-0.3334625189316322,2.393884663890155,1.0,18.0]|[16.367918369154378,-8.199949202106964,0.697459835243429,0.17527367299126065,0.17527367299126062,0.9595155454494193,2.0,77.0]|
3|[8.070740934407379,6.749905731760284,0.36140241303535003,0.01294273584375481,0.012942735843754825,0.3567515798609943,1.0,17.0]|[26.77284095075546,8.952351852735065,1.0528865840379777,-0.48066922897217146,-0.4806692289721714,2.3296455626352137,1.0,18.0]|[13.53006817298344,-9.634509621057855,0.6647143644030705,0.14057895391915298,0.14057895391915293,0.7620304951167385,2.0,77.0]|
4|[6.54411885774523,6.916055901709768,0.30773121212343263,0.025819303849088954,0.025819303849088964,0.3105871909839986,1.0,17.0]|[25.360879403729673,7.684514594738349,0.9564300413698188,-0.37512146152444736,-0.3751214615244473,2.0807632893791985,1.0,18.0]|[13.23401975412639,-10.36256709843822,0.6586610445929122,0.1755611896373543,0.17556118963735426,0.7454012067112035,2.0,77.0]|[27.458258619184047,-10.51593894178358,1.21072221851033,0.5709961797063119,0.5709961797063118,2.4829756563298218,2.0,78.0]|
4|[5.375392160987538,6.916730421927705,0.26335578584303354,0.030314179629119597,0.030314179629119566,0.27880333757669873,1.0,17.0]|[22.009774033398156,8.638979951891372,0.9210774999726272,-0.32419818423407354,-0.32419818423407354,1.6197964978725086,1.0,18.0]|[10.076920046414672,-8.322293951765548,0.5016197660579835,0.026542504711098727,0.026542504711098765,0.511837507139698,2.0,77.0]|[25.30880541694845,-12.488889287838886,1.2471671269911708,0.6128223175855139,0.6128223175855139,2.186651600849596,2.0,78.0]|
3|[21.605696271522568,7.685995605502551,0.8462855100844441,-0.2835491689479998,-0.2835491689479998,1.5424860145057577,1.0,18.0]|[9.399384914948499,-8.734605897633244,0.47482024596874034,0.036872306630459414,0.03687230663045937,0.48023437063837815,2.0,77.0]|[24.587611213947874,-12.556264471907227,1.2050272112697862,0.6009868432587849,0.6009868432587849,2.0749678779332887,2.0,78.0]|
3|[20.760627396240125,7.627440430628481,0.7964466777638589,-0.26901918801714375,-0.26901918801714375,1.4298348077264975,1.0,18.0]|[8.09340407175537,-9.910680194264621,0.46870681203199244,0.05256504956126844,0.05256504956126841,0.44726535224914765,2.0,77.0]|[22.684609159497306,-11.372030175684236,1.0851189124357066,0.4647587914265117,0.4647587914265116,1.7792183999890803,2.0,78.0]|
3|[18.62570838468206,9.878564117388624,0.8126555662241878,-0.3057058540160513,-0.30570585401605127,1.2269159314781635,1.0,18.0]|[6.946827435881124,-8.198305961560381,0.36542499455358113,-0.005409774539995187,-0.005409774539995168,0.3672253781088517,2.0,77.0]|[20.35157995428149,-12.651653369567468,1.0821351667152264,0.4428519932296917,0.4428519932296916,1.5192104652043719,2.0,78.0]|
3|[16.26479363293821,8.552170823946744,0.7019670473409221,-0.18575719918085123,-0.1857571991808512,0.9575733044737327,1.0,18.0]|[30.532222006463595,4.889377675168912,1.048673279891241,-0.3105355065786483,-0.31053550657864826,2.9381155811146424,1.0,19.0]|[20.24713759484679,-11.20431775667709,0.9758705947791249,0.3859771771889748,0.38597717718897473,1.459772351907668,2.0,78.0]|
3|[14.587395946043962,8.472649426978132,0.6424316490246461,-0.14338278282927705,-0.14338278282927705,0.8060148163829024,1.0,18.0]|[26.854186759292418,7.034366941416426,1.0421591997642343,-0.3578263711972094,-0.35782637119720945,2.3144548911929754,1.0,19.0]|[18.474479130146946,-11.19206793730904,0.917065727611973,0.32770976260812806,0.32770976260812806,1.2594777756366595,2.0,78.0]|
5|[17.62240490575012,22.85016940404838,1.9947547657049276,-0.7875029279327571,-0.787502927932757,1.580970072061459,1.0,2.0]|[12.117090700362636,8.13160703320506,0.561983394229694,-0.06943527477990455,-0.06943527477990452,0.6188534361057422,1.0,18.0]|[26.91446916710721,6.296798493960231,0.9753719548877802,-0.33039641297260786,-0.3303964129726079,2.3102904819224026,1.0,19.0]|[17.36599039429547,-11.618410815985063,0.8885984862508732,0.31822505200329537,0.31822505200329537,1.1513452688759762,2.0,78.0]|[25.4936893308663,-16.162555784336618,1.5024629860797234,0.8526202068013152,0.8526202068013152,2.3067803051588998,2.0,79.0]|
5|[14.659217909446314,22.302392757286707,1.8388882309816146,-0.5887584995413592,-0.5887584995413592,1.3301438655026256,1.0,2.0]|[11.502263918598183,7.899333822404776,0.5166821286539773,-0.06301211636317576,-0.06301211636317579,0.565160006814516,1.0,18.0]|[25.113880645339346,6.721200664904417,0.9323975171769134,-0.3157231153572856,-0.31572311535728564,2.027605674463372,1.0,19.0]|[15.177326103352195,-11.885467942410996,0.8343699299918556,0.25600829616759846,0.2560082961675985,0.9608017050294811,2.0,78.0]|[23.459462558328884,-14.763054688313822,1.338906200620109,0.6683058280686165,0.6683058280686164,1.980322729356996,2.0,79.0]|
5|[16.14174105633242,24.240966462430915,2.1173629829770975,-0.8006852925297183,-0.8006852925297183,1.448094361531382,1.0,2.0]|[9.316765527586833,8.866539910040482,0.4732973572058398,-0.04151787134468168,-0.04151787134468162,0.47741187340054475,1.0,18.0]|[21.973442184500108,4.0617857795116885,0.8231321927345597,-0.13628133895747954,-0.1362813389574795,1.5351951868382072,1.0,19.0]|[13.654765604296731,-13.727739757676542,0.8839616470070693,0.2891333992583943,0.28913339925839443,0.8808794725168002,2.0,78.0]|[21.369079537752484,-16.11650583355075,1.3696271580821877,0.6554195303045534,0.6554195303045535,1.7443404730101333,2.0,79.0]|
4|[8.403876916264226,7.529522321295854,0.3975547055960535,-0.0002791191450066758,-0.00027911914500671815,0.39761615795418964,1.0,18.0]|[20.323160404477687,7.32692786889959,0.8299360238603007,-0.22659777352603702,-0.226597773526037,1.3767712368475085,1.0,19.0]|[11.781355572214107,-10.033937415632234,0.6357759926585145,0.09589058851218693,0.09589058851218701,0.6666979677936927,2.0,78.0]|[22.012057262497386,-12.3278233626647,1.10892386582193,0.4929162806318327,0.4929162806318326,1.7129979125136032,2.0,79.0]|
6|[5.376844597591777,9.020097685327304,0.3499516033306407,0.008982029799854475,0.008982029799854465,0.35966554231747155,1.0,18.0]|[20.529389881348177,6.819269339233464,0.7747503716077141,-0.2284008995376624,-0.22840089953766243,1.3864824237666584,1.0,19.0]|[27.738609576882656,2.237309767436011,0.9920119386896175,-0.11518360137332052,-0.11518360137332052,2.4107906894734015,1.0,20.0]|[9.799905183842574,-10.544487910465321,0.5869006331383294,0.06527647942803566,0.06527647942803566,0.5773316221778652,2.0,78.0]|[20.359129635514005,-13.564077229867891,1.1228172918296229,0.49795030233737486,0.497950302337375,1.5384658229213102,2.0,79.0]|[22.812647692508282,-16.688155996259596,1.5022669450437682,0.7273602760481546,0.7273602760481547,1.9644792645370743,2.0,80.0]|
5|[17.345837777904485,8.23383196045165,0.7423059946583866,-0.19451956991273142,-0.19451956991273148,1.0597557100331754,1.0,19.0]|[30.183046634930577,-2.815516606335939,0.9472724857209514,0.17950962569227216,0.17950962569227216,2.8549159447233756,1.0,20.0]|[7.8122373914217045,-12.738594533222209,0.6386508374197375,0.09646838093009213,0.0964683809300921,0.5405114496822911,2.0,78.0]|[16.557071174503186,-15.157432286027353,1.1259746067492757,0.4107177898642248,0.4107177898642247,1.198620033409444,2.0,79.0]|[23.8520137814783,-17.780447685871938,1.5846558301486684,0.8804713241614058,0.8804713241614057,2.1094394715812292,2.0,80.0]|
6|[21.675153741979223,17.993644033321715,1.5821409011275849,-0.7452887880526485,-0.7452887880526483,1.861214186708321,1.0,1.0]|[15.851533849838066,7.424930820108858,0.6657622921687459,-0.1366464929048363,-0.13664649290483633,0.8934839513370332,1.0,19.0]|[26.11131797014144,1.6784366549249914,0.8833449546114388,-0.08073950630144419,-0.08073950630144419,2.134213691190045,1.0,20.0]|[8.984865738669901,-11.189127661967111,0.5671200108718264,0.09512498334866412,0.09512498334866412,0.5250432939613784,2.0,78.0]|[14.071685071121628,-14.470198580894012,0.9992740254958588,0.2815861366123248,0.2815861366123248,0.9835444735709439,2.0,79.0]|[21.208943042619886,-14.807901086823005,1.2814747064398875,0.5651260945223905,0.5651260945223903,1.6963228593678792,2.0,80.0]|
7|[20.166085149354117,18.5658034738442,1.5778357816504374,-0.7090197553478255,-0.7090197553478252,1.6952141578000546,1.0,1.0]|[15.241643548167628,6.653092935336053,0.604262814998308,-0.11349693837554162,-0.11349693837554162,0.8147319216010159,1.0,19.0]|[23.61491792808043,1.9154101372036612,0.8318167024259934,-0.07481006708608956,-0.07481006708608955,1.7480753794857975,1.0,20.0]|[6.207831586921754,-10.535838557810276,0.454893702686807,0.021072329199233953,0.02107232919923396,0.43154610936267757,2.0,78.0]|[14.567203003519738,-14.119572527693984,0.9686495036988277,0.3077210325651537,0.30772103256515365,0.987860984535136,2.0,79.0]|[18.739590047237545,-16.105750003677358,1.2971898392012393,0.5249596693161036,0.5249596693161036,1.456821489407701,2.0,80.0]|[22.170787113689702,-20.928067652298846,1.8955116600284865,0.952655755511415,0.9526557555114151,2.005479218523367,2.0,81.0]|
6|[17.133189797380016,18.91414615817908,1.518702659135867,-0.5702503681229698,-0.5702503681229698,1.4057316365840458,1.0,1.0]|[12.209051317484962,9.745030163436162,0.6079746309428762,-0.12339747151502074,-0.12339747151502072,0.6640795393466469,1.0,19.0]|[22.02259799912246,2.2906249352735415,0.7815901379113454,-0.07805049288718356,-0.07805049288718359,1.5238674063257274,1.0,20.0]|[14.04513534948666,-12.289077030529842,0.8299405334272416,0.22612989633124048,0.22612989633124053,0.8905265022369757,2.0,79.0]|[20.029170115938836,-14.14902726819614,1.1630379035416223,0.5059358135508366,0.5059358135508365,1.5218300383770522,2.0,80.0]|[20.37874253124778,-20.984789590289253,1.8412994073649265,0.8573466484062754,0.8573466484062754,1.7910421924113447,2.0,81.0]|
6|[14.533676274650038,20.531353273776784,1.6031438598702248,-0.5286490020454987,-0.5286490020454987,1.2305534767973305,1.0,1.0]|[9.855112460092698,10.137201953796861,0.5479603279511644,-0.07887035475941992,-0.07887035475941989,0.5435080312737133,1.0,19.0]|[22.956317614221508,1.3762660725048093,0.7248366601525281,-0.05562976399330628,-0.055629763993306304,1.649414099754665,1.0,20.0]|[11.66079766506463,-13.729012123160157,0.8383135350446964,0.20675783388553445,0.20675783388553445,0.7704948378753279,2.0,79.0]|[16.879125510889374,-13.25840718325181,1.0228872426439424,0.3273543153429435,0.32735431534294346,1.1825042669296457,2.0,80.0]|[18.91998847955057,-20.830819076953144,1.772340020175397,0.7732079344083259,0.773207934408326,1.6233225348976028,2.0,81.0]|
7|[14.882231443286269,21.644188952513602,1.7294943818946251,-0.6203979977466857,-0.6203979977466858,1.253786258915925,1.0,1.0]|[8.137254793704857,8.71545551149406,0.4366117488845541,-0.00822192627092798,-0.008221926270927968,0.4354820727481819,1.0,19.0]|[19.91637161708819,3.358042568702274,0.6867580078537587,-0.0991464993529863,-0.0991464993529863,1.258073806471358,1.0,20.0]|[29.19276023442985,-4.091178609035219,1.0182814619601233,0.23784717339544334,0.2378471733954433,2.6821162346614567,1.0,21.0]|[11.181995562011597,-12.197862068636828,0.7201385523742877,0.14786778015144714,0.14786778015144722,0.6943902249307223,2.0,79.0]|[14.159851234261483,-14.270682549415842,0.9967334770809361,0.2683144288990599,0.2683144288990598,0.9925495116045496,2.0,80.0]|[18.534110928663402,-19.719013894890402,1.6297108784575969,0.7009833956397087,0.7009833956397087,1.5427747122970985,2.0,81.0]|
6|[6.537346177070421,10.061127016290987,0.4332098951811135,-0.02565422166275764,-0.025654221662757676,0.41039661369394437,1.0,19.0]|[17.62040965414037,4.569234842619807,0.6455581414268262,-0.10111160048668369,-0.10111160048668368,1.0092565955835842,1.0,20.0]|[29.913376900340037,-2.245602551548759,0.9441334508637221,0.14022134128745953,0.14022134128745953,2.801477095848189,1.0,21.0]|[12.269522821775452,-11.666065851813311,0.7004863205441314,0.1856437539170976,0.18564375391709764,0.7192198093953918,2.0,79.0]|[15.852863330598435,-14.018037922907222,0.9997499002245099,0.3534075716610869,0.3534075716610869,1.086911255679592,2.0,80.0]|[16.48368876650282,-18.25243383960825,1.4215386173426974,0.5189204876387854,0.5189204876387854,1.3155712338859198,2.0,81.0]|
5|[16.358687468157942,5.775086329657186,0.6108012821864849,-0.11638688988969827,-0.1163868898896983,0.8993944588088851,1.0,20.0]|[26.26831300127964,-0.5299117328606358,0.8827808555854055,0.025708409679541064,0.02570840967954106,2.1566566527229427,1.0,21.0]|[9.751542035531063,-10.260431014981947,0.5616774844732471,0.06783180984176065,0.06783180984176065,0.5547733783548966,2.0,79.0]|[14.58222495268029,-12.786966935377599,0.8775090082436415,0.261257666808763,0.26125766680876295,0.946353081427751,2.0,80.0]|[17.374118586283043,-16.916592464109897,1.3100500370416812,0.5136315379363322,0.5136315379363321,1.3374675716058915,2.0,81.0]|
5|[16.473925186755135,5.355238535944767,0.5613708576914556,-0.12233557530663158,-0.12233557530663156,0.8979346932014448,1.0,20.0]|[25.005492000801848,1.4305929953061487,0.8346240296026058,-0.0644042684630057,-0.0644042684630057,1.9566686653375056,1.0,21.0]|[8.55691054260467,-11.183674705807194,0.5599114615464825,0.07809608377796022,0.07809608377796017,0.5175950487862803,2.0,79.0]|[13.975389680205712,-13.669223603687074,0.8954804039150287,0.29220661339018167,0.29220661339018167,0.9084268287619176,2.0,80.0]|[16.486755577016595,-14.529548660662913,1.0946386446750833,0.36526621143851123,0.3652662114385111,1.187204105327503,2.0,81.0]|
5|[12.187540691640864,4.88809071065893,0.48438498864041724,-0.02183858458500817,-0.021838584585008168,0.5300765564451654,1.0,20.0]|[24.004612099960053,2.2887271084326164,0.7890248284162116,-0.09801621437092695,-0.09801621437092695,1.8076924356264614,1.0,21.0]|[7.548892318144585,-10.741940154995653,0.5016162140106596,0.052719807218980105,0.0527198072189801,0.4636456759257254,2.0,79.0]|[12.403828051275065,-11.848567962276995,0.737193623865093,0.17414444150375677,0.17414444150375688,0.7531501785595816,2.0,80.0]|[18.057642417298357,-14.994069846634332,1.1376510260258779,0.48483076075627585,0.4848307607562758,1.3189651866847283,2.0,81.0]|
6|[11.498032728412483,6.725197881180709,0.46365778923036594,-0.05311665900020197,-0.05311665900020196,0.5234031131929775,1.0,20.0]|[22.014331706009102,4.531980769632313,0.7631124262641001,-0.16788748648797974,-0.16788748648797977,1.5440724415711675,1.0,21.0]|[7.486664263071497,-10.02832918106694,0.45626637250082613,0.04441358620581614,0.04441358620581609,0.42993174519236166,2.0,79.0]|[11.819679893414204,-10.537065750145818,0.6432977908326368,0.12501969152621745,0.12501969152621742,0.6720822204733076,2.0,80.0]|[16.270552287570844,-13.791663882026514,0.9998841172741488,0.3575264275077876,0.3575264275077876,1.1186159467393206,2.0,81.0]|[18.594302411404954,-22.663871702825663,1.995255912540018,0.8414182078436329,0.8414182078436326,1.6600155014441966,2.0,82.0]|
6|[9.635487199618245,8.275154032406869,0.44040366592170727,-0.05472166573847974,-0.054721665738479724,0.45712480908936787,1.0,20.0]|[19.994231183394255,3.067927175511002,0.6914756705023436,-0.09010028994515784,-0.09010028994515784,1.2648503621735843,1.0,21.0]|[6.656197525115212,-9.424043532734348,0.40037561158973345,0.022103020801174853,0.02210302080117484,0.38469284689236466,2.0,79.0]|[12.078146448859108,-9.764480456110292,0.596050981176883,0.12755002457178807,0.12755002457178807,0.6507068302921091,2.0,80.0]|[15.23068486655492,-10.53623200269815,0.7920601830322004,0.19352931834229217,0.19352931834229226,0.9379380648453711,2.0,81.0]|[18.63898063766119,-21.646321662825887,1.86277993173193,0.7979710029010073,0.7979710029010073,1.6231670563050624,2.0,82.0]|
6|[6.534547916779643,8.380607580392995,0.3553238461379385,0.003086840941124908,0.0030868409411249033,0.35687586400954113,1.0,20.0]|[18.383156037220292,5.010883822840698,0.6622178512422611,-0.12873871463926856,-0.12873871463926856,1.0994229274776814,1.0,21.0]|[27.491597210160908,-6.1119368545068475,1.0228350105619854,0.3236329865734051,0.3236329865734051,2.406591612657799,1.0,22.0]|[10.099441144785919,-8.917048969615548,0.5039003966312925,0.055905661042205464,0.055905661042205436,0.5178585897178923,2.0,80.0]|[13.985067218455162,-12.712503393555497,0.8441919951470304,0.24726017951299678,0.24726017951299678,0.8914428703879379,2.0,81.0]|[19.284657700004825,-19.55425675413736,1.6396026002979267,0.7274809692781745,0.7274809692781744,1.6194024855766158,2.0,82.0]|
5|[15.552965298113518,6.481842743447308,0.6230553873895537,-0.11008643755102872,-0.11008643755102872,0.8413245742642548,1.0,21.0]|[24.940732034390027,-2.728836331981781,0.911610552617735,0.11548630916977927,0.11548630916977926,1.954484520797309,1.0,22.0]|[7.028705429888468,-9.457566447676811,0.4279726385062727,0.00796914324523248,0.007969143245232489,0.4231721878302928,2.0,80.0]|[12.88914226678724,-10.39618585926537,0.6897207832083159,0.13484193774838138,0.13484193774838135,0.7481357291474922,2.0,81.0]|[17.93671619189034,-20.385778374513972,1.6772915059361821,0.712336027333928,0.7123360273339279,1.4944527496303028,2.0,82.0]|
5|[15.684450606452591,6.482683822785063,0.5823382727799317,-0.13132593853701638,-0.13132593853701638,0.8457936935431104,1.0,21.0]|[24.90538637188441,0.16856488317315352,0.8468277967360909,-0.007388214178065742,-0.0073882141780657416,1.9383831441780772,1.0,22.0]|[7.656828872743497,-8.191073593052723,0.3877364294940909,0.005494025065790043,0.005494025065790011,0.38699475576450587,2.0,80.0]|[11.283222872612013,-9.993184392478959,0.6165085151207984,0.08272458745826036,0.08272458745826039,0.6366456881664977,2.0,81.0]|[16.73263485112549,-17.96127667035331,1.3954806903630372,0.5233861957647715,0.5233861957647715,1.3212473014496047,2.0,82.0]|
5|[12.032203414675983,5.433449959914574,0.4910428289112267,-0.024216199228879336,-0.02421619922887933,0.5337333919838826,1.0,21.0]|[23.789970925559846,1.6851729442168488,0.7993318693204642,-0.06928788464954533,-0.06928788464954533,1.7725767074783991,1.0,22.0]|[6.292279716200614,-7.245375505151586,0.314279876400474,-0.030523001748493938,-0.03052300174849395,0.32291837610129637,2.0,80.0]|[10.103941647912464,-11.652726422894943,0.6418593969464562,0.11704967484999823,0.11704967484999826,0.6083601311644732,2.0,81.0]|[15.838637516792124,-19.40242506620892,1.4964354147798744,0.5682842227467845,0.5682842227467845,1.2641871032137149,2.0,82.0]|
4|[10.80869703335723,8.30443480233856,0.48826334487655026,-0.07093637322515499,-0.07093637322515499,0.5260899369389067,1.0,21.0]|[22.854522709186725,0.37010773259788216,0.7422878077735924,-0.0144191635211249,-0.014419163521124902,1.632452073851451,1.0,22.0]|[9.03447593544602,-10.362938702565216,0.5396473057136206,0.05850874597395697,0.058508745973957,0.5235435144919975,2.0,81.0]|[13.159239466641681,-19.14689804505462,1.3920080800104606,0.4288643527865659,0.4288643527865659,1.0627527605421268,2.0,82.0]|
4|[8.751048379992877,6.864791725385449,0.3886121220902269,0.0015965509466586134,0.0015965509466586234,0.3878293028887556,1.0,21.0]|[22.51819639146639,-1.4574472016780546,0.6936175242885181,0.05809485366652391,0.05809485366652391,1.587448331387706,1.0,22.0]|[7.7901115967261765,-11.097281436138582,0.5303215341312177,0.06290302639319345,0.06290302639319346,0.48487091770518065,2.0,81.0]|[14.15131178004225,-17.761766709644352,1.272015355341944,0.42630702655482133,0.4263070265548214,1.076594793191358,2.0,82.0]|
5|[7.8794227471506115,6.724560816355439,0.34370492132270375,0.007152706136601479,0.007152706136601486,0.3414281812265516,1.0,21.0]|[17.92583215994605,0.5227629367166853,0.6383855685744568,-0.010691825725708873,-0.010691825725708872,1.0047024247430885,1.0,22.0]|[29.257947204218965,-6.04094180976822,1.0312987708849002,0.36293438663703664,0.3629343866370366,2.7141543724883324,1.0,23.0]|[6.172267461771626,-10.11560053057421,0.4314259463386111,0.012107877996804134,0.01210787799680413,0.4189704989879831,2.0,81.0]|[11.69912031322989,-16.227612672810547,1.0646648923378013,0.25793984176828266,0.25793984176828266,0.8928406804548457,2.0,82.0]|
4|[5.409171835618799,8.448023814637493,0.3147726287023773,0.0004895503647603855,0.0004895503647603767,0.3152237531529172,1.0,21.0]|[15.675003483602259,4.485590588627708,0.6054368911882719,-0.06446066848104655,-0.06446066848104656,0.8122500425090227,1.0,22.0]|[25.560141241987484,-6.6372474193363304,0.9857847355626798,0.3099131414846257,0.3099131414846257,2.0987892818467953,1.0,23.0]|[9.97671695523745,-16.440145295144596,1.0269592719843814,0.2120654574404971,0.2120654574404971,0.806199060868088,2.0,82.0]|
3|[15.552729888803382,3.695500265632922,0.5509646282153892,-0.058832582321201275,-0.05883258232120128,0.7845857350479927,1.0,22.0]|[24.062028125817502,-2.489440186369105,0.8644413670592919,0.09975726875718233,0.09975726875718233,1.8183382177003502,1.0,23.0]|[11.1252624959559,-17.70712489281736,1.1633304528322246,0.32350700299495166,0.3235070029949516,0.8516893216557457,2.0,82.0]|
3|[13.636496523744437,5.882889969975403,0.5200826154132574,-0.07297952368885303,-0.072979523688853,0.6577646945705057,1.0,22.0]|[26.222576349066145,-3.1734811798088334,0.8226480651101055,0.16430032551953022,0.16430032551953025,2.1603831206228707,1.0,23.0]|[9.913110351094108,-16.606747721254195,1.0244888617722963,0.24192699219861,0.24192699219861002,0.7636194413850331,2.0,82.0]|
3|[10.99629267381368,6.43730575894878,0.459153859437917,-0.028220288516375095,-0.02822028851637508,0.4908397855635654,1.0,22.0]|[25.22702577117301,0.6587003107889506,0.7521057461571999,-0.032324850537847276,-0.03232485053784727,1.9892447922582304,1.0,23.0]|[10.302219984093458,-12.408294047694548,0.7216596688989279,0.1097800173272098,0.10978001732720982,0.6805843443962937,2.0,82.0]|
3|[8.878953804015154,7.022893147936112,0.40029604780910355,-0.000149404475547507,-0.00014940447554749692,0.40036676507872404,1.0,22.0]|[20.637099797408556,3.2927067757963213,0.7163471325201421,-0.10345753540133644,-0.10345753540133644,1.3482621853306005,1.0,23.0]|[9.837478120360165,-13.294227895223461,0.7501831280430152,0.14126334753668288,0.14126334753668282,0.6638140662178892,2.0,82.0]|
3|[6.8203235646147515,8.568083538171594,0.37009431246526286,-0.005877430846773148,-0.005877430846773152,0.36738926859176496,1.0,22.0]|[18.661932241496235,3.7317443693820973,0.6674225042863697,-0.09286759238983097,-0.09286759238983099,1.113270036307625,1.0,23.0]|[9.03320425700433,-11.948764705132552,0.6385860888147402,0.08276051742391631,0.0827605174239162,0.5916802779629972,2.0,82.0]|
4|[4.658082351054999,8.58452876801434,0.30584392823831463,0.014279461338022506,0.014279461338022464,0.32441177328974985,1.0,22.0]|[16.656371922390054,7.521734617514548,0.6741274617640062,-0.1669249519531444,-0.1669249519531444,0.9683909906069761,1.0,23.0]|[29.201450338692197,-4.075404293029207,1.0094368840472858,0.2382590941324472,0.23825909413244717,2.683380350225635,1.0,24.0]|[7.148529774110933,-12.040798828117723,0.5832014801770604,0.04976950656037315,0.049769506560373135,0.5289187831539222,2.0,82.0]|
3|[15.124738535586458,5.680476632275766,0.58292836977629,-0.08742105792943274,-0.08742105792943272,0.7828609811074068,1.0,23.0]|[27.807885853135847,-5.653751513954005,0.9876311533731479,0.3108115840222975,0.3108115840222976,2.453160369595978,1.0,24.0]|[5.8486764277618395,-12.750364783367537,0.5898290305882122,0.05471203013366481,0.05471203013366482,0.49565123375237913,2.0,82.0]|
3|[12.353388426177071,6.9970127274017475,0.5342884381777403,-0.054143772568281914,-0.05414377256828189,0.5992132583835149,1.0,23.0]|[25.512799864672353,-4.4262533273781255,0.9080217052713181,0.20597721350980544,0.20597721350980538,2.0595332879601966,1.0,24.0]|[7.2749320209094765,-11.045818895361604,0.5153691881920782,0.04751612648614912,0.04751612648614917,0.47451835244477286,2.0,82.0]|
3|[11.491497397101364,8.184735637882268,0.5146777884773727,-0.07644351335133129,-0.07644351335133129,0.5675593442526907,1.0,23.0]|[23.94176569414617,-1.949533032200513,0.8264419426366478,0.0795298012447782,0.07952980124477821,1.7966531333357578,1.0,24.0]|[22.93159947325592,-19.120138614647114,1.7174091594242848,0.8907363515362497,0.8907363515362497,2.0430202638572057,2.0,83.0]|
3|[9.28418270634355,7.825905168896992,0.4375541829729514,-0.019549579043389755,-0.01954957904338975,0.4442677229139157,1.0,23.0]|[23.06263725970083,1.9630453176146307,0.7741990620041629,-0.07660302763693123,-0.07660302763693123,1.6676416064480055,1.0,24.0]|[18.682832973353776,-17.294458968382802,1.4392727431497452,0.5425997614939798,0.5425997614939799,1.5231539810367976,2.0,83.0]|
3|[6.905477171837187,10.799784774145387,0.4769642427975773,-0.057134170865680914,-0.0571341708656809,0.42414164649028385,1.0,23.0]|[21.669846674474062,2.8955654002483966,0.7293030427481049,-0.10213026598385071,-0.1021302659838507,1.479979195869862,1.0,24.0]|[19.732454429063395,-19.778968006767503,1.6707530203416168,0.7703309479945516,0.7703309479945514,1.6671256239226062,2.0,83.0]|
2|[18.75217737356254,3.8843973953905855,0.6840014242120601,-0.09570527304670513,-0.09570527304670513,1.1262000089737179,1.0,24.0]|[19.22569687269691,-16.162769364217766,1.3200030373476879,0.5476367455507335,0.5476367455507335,1.5110293414520746,2.0,83.0]|
2|[16.045747109082168,5.012032867094083,0.637540346040839,-0.0766937720798305,-0.07669377207983047,0.8591152454370282,1.0,24.0]|[19.52157324709185,-16.129021691030427,1.3003112353451816,0.5812662351767688,0.5812662351767688,1.5235890093187359,2.0,83.0]|
2|[15.32927774514285,7.212564730386792,0.6245963476475598,-0.12811562654366365,-0.12811562654366368,0.8366082726004475,1.0,24.0]|[16.785048514674823,-14.81275486857261,1.1241591275969904,0.3900033151528354,0.3900033151528354,1.221913981259687,2.0,83.0]|
2|[13.297615226910072,6.021845694483826,0.5422791886792218,-0.055979642808384154,-0.055979642808384154,0.6405445998606568,1.0,24.0]|[16.915976805669406,-12.85422924347705,0.9850791791019483,0.3233087633195306,0.3233087633195306,1.16487066575999,2.0,83.0]|
2|[12.065500516213472,6.224550805651663,0.4938327734544516,-0.04238807737108317,-0.042388077371083174,0.5541288079780686,1.0,24.0]|[16.48097982294404,-10.567896159090719,0.8438833784612153,0.22694188280146022,0.22694188280146013,1.0522875151791657,2.0,83.0]|
2|[10.013217003763314,7.828688299253635,0.4584286409700524,-0.036290864501338324,-0.03629086450133838,0.4764726763283001,1.0,24.0]|[15.799812038324257,-11.670980623756606,0.8507079040429177,0.2622638491418158,0.26226384914181583,1.0120239260441328,2.0,83.0]|
3|[8.059727997998642,8.99836687436877,0.42756281359497295,-0.0317766299647637,-0.031776629964763686,0.4205474074518929,1.0,24.0]|[28.20776095052476,1.4937083498443542,0.9654640558815174,-0.08091177257103663,-0.08091177257103663,2.489148392553763,1.0,25.0]|[13.348161705173002,-11.334499893921794,0.7590474560121743,0.16915231170323222,0.1691523117032322,0.8146164632870105,2.0,83.0]|
3|[7.056296821598464,9.02153289367815,0.39069057231235277,-0.024598054730401914,-0.024598054730401924,0.3784814136614194,1.0,24.0]|[25.222259113796433,2.5042619773396346,0.9205583524674797,-0.10792787281754902,-0.10792787281754902,1.9968632005324938,1.0,25.0]|[13.360597640503128,-9.70007906258744,0.6698409436831323,0.13214598501002187,0.13214598501002184,0.7559140498322399,2.0,83.0]|
2|[24.29748548196322,5.450079124788195,0.9103062847515302,-0.2304502471414574,-0.23045024714145743,1.8860057120594433,1.0,25.0]|[13.333172661671009,-9.106966532904659,0.6224520784400509,0.13131750765228445,0.13131750765228442,0.725015289574296,2.0,83.0]|
2|[24.138916664298222,9.993227408606398,1.0015021601041965,-0.46840480194242545,-0.4684048019424254,1.9390328139545685,1.0,25.0]|[11.17583788479021,-10.869629594433306,0.6222526635939478,0.13350218238853828,0.1335021823885382,0.6296713973330109,2.0,83.0]|
2|[21.374771670399713,6.3290211560733995,0.8210355038053107,-0.21670609421350423,-0.21670609421350423,1.4887428895060977,1.0,25.0]|[11.162596310233878,-9.80082550298583,0.5562040403309385,0.11708091044453645,0.11708091044453642,0.5867549684128816,2.0,83.0]|
2|[21.11954303710834,6.623174847318157,0.7803933453750999,-0.23536896953992648,-0.23536896953992645,1.4571097197146525,1.0,25.0]|[8.97992217267423,-9.017051185750113,0.4614639300670199,0.04479585361896751,0.04479585361896749,0.4610942605940954,2.0,83.0]|
2|[17.758082659553203,7.425258624558557,0.7313998617887386,-0.17827037865945322,-0.17827037865945325,1.0832064057233222,1.0,25.0]|[7.200140423658992,-9.577056650917292,0.42477939845528756,0.031718224966864855,0.03171822496686485,0.4064364505012438,2.0,83.0]|
2|[16.7571191815252,8.803605937832668,0.7185683136744391,-0.21073379235042933,-0.21073379235042924,1.0089748640983678,1.0,25.0]|[5.385415575953319,-8.969051778037572,0.3449108770002567,-0.0048209875870274645,-0.0048209875870274714,0.3500451771890898,2.0,83.0]|
1|[15.160556915420178,6.378512859706474,0.6027012522686822,-0.10210608567364202,-0.10210608567364202,0.8024295457937182,1.0,25.0]|
2|[13.783921633619643,6.797070298096814,0.5568113054613263,-0.08939877177130554,-0.08939877177130552,0.6940210008503949,1.0,25.0]|[26.619609499733492,-9.263765266790088,1.1156223538175178,0.4756922111487473,0.4756922111487473,2.3169897537765136,2.0,84.0]|
2|[11.340387384988304,5.993145096074788,0.4773681587805443,-0.019425234331600306,-0.019425234331600254,0.5038592913231879,1.0,25.0]|[25.442531662446115,-9.870766456382208,1.086835347227062,0.4812652676945175,0.4812652676945175,2.140614124107069,2.0,84.0]|
2|[9.28050277188655,7.80897804712705,0.4383766794668926,-0.017947415111615354,-0.01794741511161535,0.4446044504506801,1.0,25.0]|[24.84590347235666,-9.259142181003693,1.0146828021166006,0.44060727558859186,0.4406072755885919,2.032806712950192,2.0,84.0]|
3|[9.249933655533143,7.1137862173607145,0.39806270438385194,-0.02111412994511849,-0.0211141299451185,0.40927893740973037,1.0,25.0]|[30.074558687875797,5.872420973318103,1.0405046873496475,-0.36977188416885026,-0.36977188416885026,2.862023142135057,1.0,26.0]|[23.270674217352056,-6.105276235445931,0.8660860325251486,0.24730933141081057,0.24730933141081057,1.7438384265880895,2.0,84.0]|
3|[6.236603840431981,7.368769033478224,0.3130754959000341,0.02581429016932044,0.02581429016932044,0.32172791073205004,1.0,25.0]|[25.85842507162665,6.770536554979694,1.0021750173835202,-0.32221001465072796,-0.32221001465072796,2.148413592879921,1.0,26.0]|[20.843912262260186,-7.783190506053422,0.8495625942575217,0.2604259272034133,0.26042592720341334,1.4497569355015292,2.0,84.0]|
3|[5.582639377251928,7.3160734944009045,0.28122754410047673,0.021718019068853633,0.021718019068853615,0.2931168442569526,1.0,25.0]|[23.853318526429366,7.6430566886569595,0.9694112285876973,-0.3175926713133708,-0.3175926713133709,1.858827743510545,1.0,26.0]|[20.66815663082707,-6.430312414347633,0.7709845400533163,0.215646691507102,0.215646691507102,1.3970186177696589,2.0,84.0]|
2|[25.189896888051557,5.299778936959877,0.8709582776914435,-0.252408058104438,-0.25240805810443806,2.017551146700838,1.0,26.0]|[19.54637061903941,-6.607337818132917,0.725152288082457,0.20457737540004947,0.20457737540004944,1.2611958116266282,2.0,84.0]|
2|[21.054518823646426,8.01424621235163,0.8719303753950274,-0.27179851531243887,-0.2717985153124389,1.4825240921746592,1.0,26.0]|[17.320186433011376,-8.531285869693749,0.717325173701656,0.2204570926267438,0.22045709262674373,1.0563073407443728,2.0,84.0]|
2|[19.365353365568822,6.238812855206283,0.7735371952463971,-0.16752751704026084,-0.1675275170402609,1.2395734339224245,1.0,26.0]|[16.98362107302037,-8.17557540199614,0.6653363527339903,0.21417071131784923,0.21417071131784923,1.0071487291493937,2.0,84.0]|
2|[17.920847249714026,6.482629277447539,0.7248703512639287,-0.1483324288240923,-0.1483324288240923,1.0812693313382054,1.0,26.0]|[12.687367301976547,-7.349056664689879,0.5556545480232743,0.06727474382524125,0.06727474382524123,0.6328289012132726,2.0,84.0]|
2|[18.095447305859608,4.653027885164571,0.6525044904915864,-0.11273084372966255,-0.11273084372966254,1.061923037491691,1.0,26.0]|[12.71571926172253,-6.503075427240699,0.5065549109936269,0.0669309635643213,0.06693096356432125,0.6031978122076962,2.0,84.0]|
3|[15.612126916147723,6.828182733239656,0.629725491972271,-0.12143227510351648,-0.12143227510351642,0.854261158411314,1.0,26.0]|[28.094142496728225,10.88798319536255,1.2126862938792387,-0.6294808456558233,-0.6294808456558233,2.592971247260691,1.0,27.0]|[9.2007526739678,-7.581870913724008,0.4354355720211609,0.007203688303679879,0.007203688303679873,0.4382412004562213,2.0,84.0]|
3|[13.758427986218297,7.533254200512124,0.5856300238345045,-0.10033528863958661,-0.10033528863958664,0.7139409742587637,1.0,26.0]|[24.212139103215577,13.199472596173353,1.2558062284281069,-0.6108950453572307,-0.6108950453572308,2.043351937659499,1.0,27.0]|[9.51982964531808,-7.34174968186165,0.4121713324360365,0.030442721926354246,0.03044272192635426,0.4281678998543123,2.0,84.0]|
3|[12.068101975329773,6.86586530335573,0.5144706266082704,-0.050040802215747485,-0.05004080221574747,0.5739575819509835,1.0,26.0]|[24.84466885855549,11.706787067642829,1.1463868315409371,-0.5705232686585132,-0.5705232686585131,2.088346830307777,1.0,27.0]|[7.11825530230779,-7.307306840932397,0.3375663746905633,-0.012691804097871765,-0.012691804097871772,0.3382318093504251,2.0,84.0]|
4|[11.210905312236608,6.627586010590465,0.46544072566136246,-0.03817879894082637,-0.03817879894082637,0.5074518631044768,1.0,26.0]|[18.542034579961154,14.794144338569446,1.1930376628740447,-0.4510322001416178,-0.45103220014161777,1.3984672494759067,1.0,27.0]|[5.891593172282181,-7.884177062246605,0.3075461857811889,-0.006460712222619247,-0.006460712222619266,0.31136407904635416,2.0,84.0]|[28.923743134336103,-1.8632896339262695,0.9751754963442104,0.10629177825820828,0.10629177825820826,2.6182895624381173,2.0,85.0]|
4|[8.940139870561138,7.5144149085366605,0.4118310757020001,-0.012095192969926038,-0.012095192969926036,0.4160547965411794,1.0,26.0]|[19.78598577860463,11.899090904660062,1.0223605350913976,-0.386977987127113,-0.38697798712711295,1.4331086707665681,1.0,27.0]|[4.100741743764861,-7.308351440558851,0.23562007371936217,-0.02880069225877672,-0.028800692258776718,0.27078856431442183,2.0,84.0]|[25.010455740646634,-2.731355636815997,0.9301624660152384,0.11443792388502132,0.11443792388502132,1.9655491444840978,2.0,85.0]|
3|[7.785337857787559,7.600687084368954,0.36631978820406413,-0.0035330924923504016,-0.003533092492350402,0.36648941804412244,1.0,26.0]|[17.595561413228417,12.327856471123193,0.9759310182015589,-0.3268316709498461,-0.32683167094984616,1.2134323642189462,1.0,27.0]|[25.53857254694106,-5.755502857788808,0.9286841778818077,0.2733654955966284,0.27336549559662837,2.080066637967266,2.0,85.0]|
3|[5.396923342754569,6.415262267911506,0.26420226461946444,0.05298308456415019,0.05298308456415019,0.2826099498944607,1.0,26.0]|[15.789170772468847,12.721182918677828,0.9332664549277225,-0.28318956658522043,-0.2831895665852204,1.056590190216708,1.0,27.0]|[25.987579621150964,-4.557980955416386,0.8571241365775001,0.23120923202053204,0.2312092320205321,2.1348243560701587,2.0,85.0]|
3|[4.752016911951037,6.819575947311455,0.24194186813959695,0.03737522126120301,0.037375221261203004,0.26953490417622683,1.0,26.0]|[16.94879478867215,11.330684054118027,0.8601842660989744,-0.2932768148947301,-0.29327681489473023,1.1028142539680614,1.0,27.0]|[23.87047381356981,-2.6331635802703635,0.7786244323442356,0.11291855144402842,0.11291855144402839,1.7898112782622644,2.0,85.0]|
2|[15.194196213182812,11.650170613302237,0.8171244527262723,-0.2518430204484511,-0.2518430204484511,0.9524780861672926,1.0,27.0]|[21.93636672200214,-3.274796550150929,0.7338064884744342,0.11994398524956826,0.11994398524956824,1.519350495503094,2.0,85.0]|
2|[11.095690206992643,12.240016830820311,0.7319903033885702,-0.13338217573666644,-0.13338217573666653,0.705764281101949,1.0,27.0]|[19.196942325932795,-4.166813655539343,0.6901273953774242,0.11194610604673393,0.1119461060467339,1.181576120638357,2.0,85.0]|
2|[11.356733709650973,11.123249134087542,0.6656580412856375,-0.12147579141471877,-0.12147579141471866,0.67070533759033,1.0,27.0]|[18.275669650845547,-6.184241809605301,0.672271796386853,0.16614055444377987,0.16614055444377987,1.107030577809669,2.0,85.0]|
3|[10.0539923006578,9.71547837536376,0.5585017337290862,-0.05058190418077058,-0.05058190418077059,0.5619672186769435,1.0,27.0]|[14.771044352921312,-5.904823116695893,0.5975992797050311,0.07722251865790444,0.07722251865790444,0.759902886554835,2.0,85.0]|[28.819551692499218,2.6199931744284046,0.982536104731662,-0.1485838749657745,-0.1485838749657745,2.603429763191244,2.0,86.0]|
3|[10.618063218520508,10.55195028518727,0.5863564018678897,-0.11319687769402058,-0.11319687769402052,0.587770449263923,1.0,27.0]|[14.214593220090338,-6.603774494746068,0.5624170901047397,0.09536581806939652,0.0953658180693965,0.7233867851490443,2.0,85.0]|[28.182354650893114,5.915384888939467,0.9876705128157314,-0.3366032527960998,-0.33660325279609987,2.5206796150486936,2.0,86.0]|
3|[7.314709319418341,11.045611831121908,0.5153013221227211,-0.05007627092954859,-0.0500762709295486,0.47284529953864163,1.0,27.0]|[11.397373025399533,-7.454245274867188,0.5032497504146719,0.049918062275578635,0.04991806227557863,0.5469253386309944,2.0,85.0]|[24.676887704173822,-1.3840637187353944,0.8676610687548693,0.05840192081494758,0.058401920814947585,1.9056508394187222,2.0,86.0]|
3|[6.739033335379841,9.273556165542114,0.4095685484090803,-0.0015041058824834116,-0.001504105882483455,0.40859177849050343,1.0,27.0]|[11.362778410484209,-7.002237259815235,0.4611235449001719,0.058894008539154115,0.05889400853915415,0.5203998941301301,2.0,85.0]|[24.68946156048324,-0.7332342817252087,0.8120035172803528,0.03250643340871999,0.03250643340871999,1.9055946174984273,2.0,86.0]|
3|[5.485888826381121,9.226703842305414,0.36474010602957463,0.007838138623306026,0.007838138623306023,0.373262758921747,1.0,27.0]|[8.689138504823338,-7.349476954815047,0.391362988596006,0.011307857737995359,0.011307857737995338,0.3951675898905692,2.0,85.0]|[22.931731520869242,-1.286402800868236,0.759692672457938,0.0498581267834346,0.049858126783434605,1.645678962159453,2.0,86.0]|
2|[5.353394219395742,-7.23004532705623,0.2848354263812598,-0.04311644227888627,-0.04311644227888628,0.31114147261222486,2.0,85.0]|[20.288688984750394,-0.0781300144116976,0.7019076810173727,0.0022506333570414257,0.0022506333570414265,1.2863402245270854,2.0,86.0]|
2|[18.82127152717372,-2.2484041969075035,0.6530134583813224,0.05611917517324015,0.056119175173240145,1.1160800367907717,2.0,86.0]|[23.99384634558638,19.678973915769472,1.7996789289681125,-0.9920359057784517,-0.9920359057784518,2.195596035061029,2.0,87.0]|
2|[16.812420305764412,-4.180918648896106,0.61124583903414,0.08123686293602626,0.08123686293602625,0.9177156422691937,2.0,86.0]|[21.378547676990443,16.881689079873464,1.4705349037264366,-0.6698571538112035,-0.6698571538112035,1.7898687768202823,2.0,87.0]|
2|[16.152286788561376,-4.706647590094861,0.5643798925899808,0.09328519543019954,0.09328519543019954,0.8573337333996315,2.0,86.0]|[21.692505665275746,17.074804189617286,1.464773486505251,-0.7216407731812351,-0.7216407731812352,1.8135499183923849,2.0,87.0]|
2|[14.185162751362876,-7.063154044863871,0.5453705111660475,0.11916781272734184,0.11916781272734188,0.7253624271542125,2.0,86.0]|[20.723560780760586,15.13295022284539,1.2711780289650174,-0.5743403902178884,-0.5743403902178885,1.6382985364610485,2.0,87.0]|
2|[10.564399365382297,-8.963960571041385,0.5063808689650937,0.07932141676647972,0.07932141676647973,0.5325597184271512,2.0,86.0]|[20.445573271508184,11.95554327765341,1.0478697214997745,-0.4123049576253875,-0.4123049576253875,1.5118709705643665,2.0,87.0]|
2|[8.521699589965388,-7.178677711618762,0.39396047895386965,-0.00504437457411872,-0.005044374574118733,0.3922217582380361,2.0,86.0]|[20.71419469673341,9.955075850211868,0.9285069469096636,-0.3470058779043493,-0.34700587790434945,1.48377713269263,2.0,87.0]|
2|[4.919945780780933,-8.500256288597686,0.31757215834370517,-0.02788164014685153,-0.027881640146851527,0.3496057569196283,2.0,86.0]|[18.971797805685817,8.002665838109284,0.8084667486715295,-0.21783908250736178,-0.21783908250736178,1.233005861889795,2.0,87.0]|
1|[18.889251885398444,2.4784676512954316,0.6789816974087634,-0.059728552475720544,-0.05972855247572054,1.126356466362723,2.0,87.0]|
2|[11.64958771595809,16.136977396420438,1.0558437891367674,-0.2521048831240098,-0.2521048831240097,0.8886280471784496,1.0,28.0]|[19.462150270357448,4.545871030658648,0.6575249412666722,-0.1379749601913545,-0.13797496019135455,1.2160069901765684,2.0,87.0]|
2|[11.91998163986751,15.913935811229239,1.0353461552228849,-0.2671103757155406,-0.26711037571554064,0.8788098849380377,1.0,28.0]|[18.3267251484756,0.08425745894937604,0.5789668841430337,-0.0021637384593234717,-0.0021637384593234713,1.0495887418748988,2.0,87.0]|
2|[14.4691571660547,12.655043462074419,0.8669862104779067,-0.2516348653547963,-0.2516348653547964,0.9346078025920203,1.0,28.0]|[14.700706724666425,-4.883846357323457,0.5538637722240595,0.06511814508817608,0.06511814508817607,0.7282403273387013,2.0,87.0]|
2|[13.180534317434907,12.884766617077311,0.831487350065345,-0.22503229565244592,-0.22503229565244595,0.8417025945668557,1.0,28.0]|[12.262807654413876,-4.648185437412559,0.492028076136751,0.017212134977447727,0.01721213497744774,0.5309127852902104,2.0,87.0]|
2|[12.506753622418236,11.95878846136774,0.7462749035662755,-0.1811364958579111,-0.18113649585791114,0.7625110131549392,1.0,28.0]|[12.533300047806003,-6.136218110726075,0.4721745055895035,0.06676582900125975,0.06676582900125974,0.5758564286263907,2.0,87.0]|
2|[12.142736577893794,9.385975608692126,0.6084961525568738,-0.09860385442718267,-0.09860385442718274,0.6598431508403219,1.0,28.0]|[9.692444820947829,-7.83097483303467,0.4307994501075558,0.04395684241372714,0.043956842413727173,0.44969033155625504,2.0,87.0]|
2|[10.395957422436272,10.162353705693707,0.5732620069178898,-0.08523680204710153,-0.08523680204710149,0.5771366841531665,1.0,28.0]|[6.707570810884923,-8.138017150126254,0.35036947359110976,-0.0034155135443208005,-0.0034155135443207875,0.3516982169843759,2.0,87.0]|
2|[9.528096626566802,8.95083027455894,0.4878556945130031,-0.043406637433835306,-0.0434066374338353,0.4932849422657441,1.0,28.0]|[5.6334300886015,-7.399685776669417,0.2883051392947574,-0.023675932989017042,-0.023675932989017035,0.3013795687053889,2.0,87.0]|
1|[9.467008286767866,8.632912338533696,0.4539984397187852,-0.053772658467918885,-0.05377265846791888,0.4639315235726377,1.0,28.0]|
1|[6.8721679074516775,7.924011011014844,0.352985240941264,0.01059396674881451,0.010593966748814512,0.3560129930213318,1.0,28.0]|
1|[4.856001600421338,7.616173420677151,0.27659295384711635,0.033936142586360574,0.033936142586360574,0.3081811731619341,1.0,28.0]|
1|[27.20024046648124,10.155660140629706,1.177100304562813,-0.5440737617828693,-0.5440737617828693,2.4311721093493306,1.0,29.0]|
2|[25.931141657323842,7.480508343749993,1.023714703112767,-0.3613015199270954,-0.3613015199270953,2.1719376990109476,1.0,29.0]|[29.548619363807642,-8.321948350919454,1.1090686656874789,0.517031787531655,0.5170317875316551,2.799271165037782,2.0,88.0]|
2|[24.214118387247826,7.6933273974449135,0.9717430577040455,-0.3321617662051322,-0.33216176620513216,1.9116603546164272,1.0,29.0]|[25.78958563832965,-7.79161223140283,1.0222152396201343,0.3764196404782384,0.37641964047823845,2.154407990836169,2.0,88.0]|
2|[23.026427726772898,7.873337063859905,0.9226140122776311,-0.3173091646202268,-0.31730916462022685,1.742122769940388,1.0,29.0]|[24.487093131343318,-6.017834911120043,0.9191055423910223,0.26242835924140845,0.26242835924140845,1.9224561565276155,2.0,88.0]|
2|[21.43608199940026,9.504458100417695,0.9201173321904156,-0.3538713753324117,-0.35387137533241164,1.5613270706804923,1.0,29.0]|[22.55561835890282,-6.017734247181325,0.8617003812015969,0.22445645709429152,0.22445645709429152,1.6431221508174865,2.0,88.0]|
2|[19.46921010399391,8.465953927515285,0.8240272009897527,-0.2541464762167257,-0.2541464762167257,1.297976963575218,1.0,29.0]|[20.188127420026365,-5.589165996909797,0.7943295709514415,0.15971721170124611,0.15971721170124617,1.3270114835122202,2.0,88.0]|
2|[16.946786888425322,10.14547310635898,0.8112318098105468,-0.24419035065444528,-0.24419035065444525,1.0729337081054549,1.0,29.0]|[19.765432216357706,-8.316890585884149,0.8104529554411972,0.2636342574739839,0.2636342574739839,1.3260586846021318,2.0,88.0]|
2|[14.888272475129309,8.926032869447205,0.7034681283222678,-0.1428034867987708,-0.1428034867987709,0.8560431233374892,1.0,29.0]|[17.697540592839456,-6.064048303009548,0.6966982605092406,0.13601848508053974,0.13601848508053974,1.0470529610077692,2.0,88.0]|
2|[13.59744328627933,9.90652888266909,0.6803582908946664,-0.14869745513128915,-0.14869745513128915,0.7761217902406827,1.0,29.0]|[17.09543104421155,-5.688673965644633,0.6430210498849768,0.12358267218777311,0.12358267218777307,0.9732846027496149,2.0,88.0]|
2|[14.404776977703806,8.406615382020636,0.6144618220758055,-0.14870357084359517,-0.14870357084359523,0.782482849874499,1.0,29.0]|[15.21257462151486,-5.838836214509145,0.5903212185394479,0.0918858807752553,0.09188588077525528,0.7944544941527412,2.0,88.0]|
2|[12.257242741223369,7.601077627191151,0.5308379746363545,-0.07392238088174825,-0.07392238088174825,0.604201277737268,1.0,29.0]|[15.02405325778555,-5.59692174982639,0.5455025837457589,0.09602391555014915,0.0960239155501491,0.7674917719400802,2.0,88.0]|
2|[9.71962989553775,8.885288195330723,0.48870974205533246,-0.0486509082401223,-0.0486509082401223,0.4974543716393859,1.0,29.0]|[12.169242599628022,-6.407258300443543,0.49328361500824586,0.05148338705162673,0.05148338705162672,0.5639588584537508,2.0,88.0]|
2|[8.222851710829737,8.58227263176786,0.42437601780931494,-0.017836119070567074,-0.01783611907056709,0.42284943389863117,1.0,29.0]|[10.385341486967974,-7.77232205711247,0.46103638616509157,0.04848297376060226,0.048482973760602247,0.489534773454186,2.0,88.0]|
2|[7.852852800657255,7.857474114283005,0.3778686510133403,-0.007778391721512785,-0.007778391721512821,0.37785949871728586,1.0,29.0]|[7.658781389591792,-7.542279190155087,0.3737094148382039,-0.012450216540532395,-0.012450216540532417,0.37332771441506785,2.0,88.0]|
2|[6.519860640964463,7.533106656226973,0.32205435010983974,0.013729169950637153,0.01372916995063716,0.32603464080967803,1.0,29.0]|[7.465377858048371,-7.5847200409609306,0.3522715529872009,0.0016874036818399628,0.0016874036818399695,0.3522180274610348,2.0,88.0]|
2|[5.020154685496695,7.974775175353259,0.2867729824316778,0.014741354659003444,0.014741354659003468,0.3009106411117164,1.0,29.0]|[5.50952418243861,-7.711771241493851,0.2938168232734356,-0.018355008555793688,-0.018355008555793684,0.30639525241073934,2.0,88.0]|
1|[28.89485872139606,9.71497499384104,1.1671645995845206,-0.5839571038576699,-0.5839571038576699,2.7076677288319915,1.0,30.0]|
1|[25.623321902778596,9.795716800970583,1.1071294172697368,-0.4757439919973211,-0.475743991997321,2.169689838191912,1.0,30.0]|
1|[24.736862450529046,8.919454167748755,1.0272876027249886,-0.40871893263183834,-0.40871893263183834,2.0134394046159274,1.0,30.0]|
1|[21.98790291445965,10.781358609398392,1.036218089565691,-0.41081796651891256,-0.41081796651891245,1.672618561338739,1.0,30.0]|
1|[20.69368156357145,10.344963574704368,0.9663458667908021,-0.3530751204106255,-0.3530751204106255,1.4961187149756197,1.0,30.0]|
2|[21.159487076393628,11.547303958491566,0.9907964715304999,-0.45022767089595256,-0.45022767089595256,1.5701003304288446,1.0,30.0]|[27.075499234303823,-4.3797962331385225,1.006763475960277,0.21741423574737534,0.21741423574737537,2.3156289351956296,2.0,89.0]|
2|[19.007555243992563,9.832564981021422,0.8547902195234028,-0.29813752033311924,-0.29813752033311924,1.2769007890520432,1.0,30.0]|[25.760655330936988,-4.754329849352235,0.9639019489786972,0.21786901500085853,0.2178690150008585,2.1041845757211624,2.0,89.0]|
2|[16.08553764729591,9.68260966684932,0.7747110108096232,-0.1967332062659111,-0.196733206265911,0.9831176141861494,1.0,30.0]|[27.160179873349076,-2.8723743720791988,0.891936922859743,0.15218948287573347,0.1521894828757335,2.3148930265196412,2.0,89.0]|
2|[16.5188083975127,7.202857877903904,0.6766383768620171,-0.1474682283556298,-0.1474682283556298,0.9505353711055953,1.0,30.0]|[25.166752610362657,-5.730698418854929,0.8898449679676561,0.27143441764132714,0.27143441764132714,2.020059624113506,2.0,89.0]|
2|[13.74533859828672,9.508529647049066,0.6672504120260501,-0.14229303339990007,-0.1422930333999001,0.7745131599167274,1.0,30.0]|[22.37689533809322,-8.723307562982729,0.915144471304693,0.34593975261998977,0.3459397526199897,1.6676842546751338,2.0,89.0]|
2|[13.217240420192736,7.992364218348109,0.5847036966571089,-0.09725161461747844,-0.09725161461747846,0.6867246415524745,1.0,30.0]|[20.769073034546885,-6.8485971557471705,0.8073326434143419,0.2266050805017622,0.22660508050176215,1.419812808702207,2.0,89.0]|
3|[11.456421310054624,7.944114219697571,0.523934469083873,-0.0578507039950525,-0.05785070399505252,0.5672476810540228,1.0,30.0]|[27.04111241086822,13.44131006463766,1.3545583315797978,-0.7431499077628128,-0.7431499077628126,2.4802238543527415,1.0,31.0]|[18.85595355693866,-7.513553437019619,0.7676038816746081,0.20715750750926976,0.2071575075092697,1.2049384145756232,2.0,89.0]|
3|[11.045948395230846,7.078443372537215,0.4705778825862221,-0.0431153875459751,-0.04311538754597511,0.5102305537498524,1.0,30.0]|[25.868822740872577,11.69062885058067,1.2073672934097273,-0.5924366500290087,-0.5924366500290086,2.2505671850405045,1.0,31.0]|[16.991787810290543,-8.878026352790686,0.7472567616508019,0.20967045230274065,0.20967045230274065,1.038997629512576,2.0,89.0]|
3|[9.087212228112664,8.70809644820417,0.4474746671991361,-0.045561478024046136,-0.045561478024046136,0.45135904344711875,1.0,30.0]|[22.26198539494551,12.587779824724787,1.1726278950938158,-0.4926359393191345,-0.4926359393191345,1.7653187531906,1.0,31.0]|[16.096304624942874,-5.706584960514068,0.6264891356588838,0.10101358249676547,0.10101358249676544,0.8756014455982863,2.0,89.0]|
3|[7.809209470612706,8.01142563001119,0.3794701729751344,-0.011972856817236815,-0.011972856817236803,0.3788579344099111,1.0,30.0]|[22.257179656004247,12.811594930416073,1.1502779362378,-0.5242092193638884,-0.5242092193638884,1.7592267136277835,1.0,31.0]|[15.27709205304695,-7.765988547043924,0.6208819834115281,0.15093638773416432,0.15093638773416432,0.841073608408265,2.0,89.0]|
3|[6.376503453641871,7.9463345048211105,0.3282187492329098,0.004779617379304643,0.004779617379304631,0.3303396760488253,1.0,30.0]|[19.47942629957743,15.366963746608748,1.2329680023100635,-0.5449048960490904,-0.5449048960490905,1.4938332528609755,1.0,31.0]|[13.061213185247476,-8.007551111235127,0.5626313649316046,0.10474271111893323,0.10474271111893323,0.6692629429435049,2.0,89.0]|
2|[19.752202999199074,11.538863335756934,0.9811327632091817,-0.38213766044637737,-0.3821376604463773,1.4120376478261158,1.0,31.0]|[10.626753938346962,-8.562066008128031,0.5043016162564241,0.06258827115471334,0.06258827115471333,0.5315547498985526,2.0,89.0]|
2|[17.712245434966473,12.033313055781184,0.9403865497976435,-0.33458227880920893,-0.3345822788092088,1.2055617606392783,1.0,31.0]|[9.178311796347957,-7.246598594629041,0.41736872845716416,0.007882581697344406,0.007882581697344371,0.4211289819633451,2.0,89.0]|
4|[14.877674814772089,11.524473579390076,0.8330803968515358,-0.21197433267772522,-0.21197433267772528,0.9425329768952745,1.0,31.0]|[13.18865902771054,25.25375443318932,2.205411190522425,-0.6339852076808088,-0.6339852076808089,1.3225469281392381,1.0,32.0]|[8.882531583774592,-8.390281578423945,0.4161305005184427,0.04762019330322926,0.04762019330322924,0.42156333735880214,2.0,89.0]|[30.775761052972012,-2.1031682939680145,0.9735249227968968,0.13668342801395195,0.13668342801395197,2.9642792495682473,2.0,90.0]|
4|[14.797379856283413,12.165506752485046,0.8357924020658294,-0.2556433217816238,-0.25564332178162397,0.936566926326575,1.0,31.0]|[14.226183241513688,24.14755265679432,2.069931179378029,-0.6529713898862974,-0.6529713898862975,1.3462649010634506,1.0,32.0]|[5.536831188748037,-7.862132190429962,0.3043051175497095,-0.02178419544563218,-0.021784195445632173,0.3198967030081443,2.0,89.0]|[27.799146738977452,-3.3463500440848635,0.9307980126916611,0.18286808678716138,0.18286808678716135,2.427925852912885,2.0,90.0]|
2|[11.794618434609937,11.197713583361006,0.698835013521439,-0.12125858623390533,-0.12125858623390534,0.7114355019742088,1.0,31.0]|[24.648551708878983,-3.5050259592045983,0.8740936633596724,0.15114013640608745,0.15114013640608748,1.915471103801682,2.0,90.0]|
2|[9.492771968847606,12.169625738791028,0.6684969904674147,-0.09731243850606922,-0.09731243850606923,0.6196509621443064,1.0,31.0]|[25.055501333075085,-5.111138742676684,0.8454675993080285,0.24437285961826977,0.24437285961826977,1.9935665146177703,2.0,90.0]|
3|[9.065733647079274,12.664479992907,0.6728030461174971,-0.11907544815474166,-0.1190754481547417,0.5916981373313135,1.0,31.0]|[20.949004435758816,-3.3126234286029943,0.7544273251529242,0.10298659848539385,0.10298659848539383,1.3894287005334716,2.0,90.0]|[27.52990654713435,13.762478164783818,1.373957161796253,-0.7930182136080318,-0.7930182136080317,2.5638410196964974,2.0,91.0]|
3|[9.091077228397225,12.182412985944481,0.6328386412521253,-0.11954627220882857,-0.11954627220882852,0.5618527076989972,1.0,31.0]|[19.454096777798647,-3.562767249739947,0.6983933804963431,0.09595481810571903,0.09595481810571906,1.20477116995762,2.0,90.0]|[25.63113689575826,11.529305278801253,1.1840533324871556,-0.5776945522279672,-0.5776945522279672,2.2084865704462606,2.0,91.0]|
2|[17.714667246273777,-4.879849882903454,0.6547327019036322,0.11027689108385026,0.11027689108385023,1.02467825429954,2.0,90.0]|[23.103184823831974,11.00447697381483,1.0885746251817037,-0.4562287687664487,-0.4562287687664487,1.82908704490568,2.0,91.0]|
2|[14.569347600377505,-3.2784381056036427,0.5756610208247566,0.027283766702505284,0.027283766702505246,0.6907703445645873,2.0,90.0]|[22.80384808858419,7.7749681448717265,0.9225883277818474,-0.30390328163299896,-0.30390328163299896,1.710315662993983,2.0,91.0]|
2|[14.071024526421718,-7.232238495170884,0.5725831706160197,0.1077257984942509,0.10772579849425089,0.7268051979754319,2.0,90.0]|[21.814292687311834,8.31905871763824,0.8863215863985492,-0.31156974164909856,-0.3115697416490986,1.5845022284741221,2.0,91.0]|
2|[12.842057468041999,-6.415778032804409,0.5035581882744118,0.07016030588805387,0.07016030588805389,0.6089421723938288,2.0,90.0]|[21.400949988486403,7.171659420879375,0.8052987486920493,-0.263617080444996,-0.263617080444996,1.5036179587140632,2.0,91.0]|
2|[9.88744985974512,-7.537682799839305,0.44617124754093,0.028115210600950773,0.028115210600950766,0.4616173920550209,2.0,90.0]|[17.794355495781662,6.10942299054262,0.7136397977674142,-0.13475335518055492,-0.1347533551805549,1.0598579973119187,2.0,91.0]|
2|[7.130507739050285,-9.118976033624094,0.406924767133284,0.015115394091699009,0.015115394091698996,0.39941353499961524,2.0,90.0]|[18.58773363127289,5.715136129800193,0.6673529797600416,-0.15816233384947131,-0.15816233384947134,1.1331254274477955,2.0,91.0]|
1|[15.868316837712902,2.4200051863990333,0.5762717301672234,-0.03490926362375104,-0.03490926362375106,0.799852863367632,2.0,91.0]|
1|[16.52197620408273,0.5368510166179513,0.5243682460539069,-0.010708777919630787,-0.010708777919630789,0.8535906276636055,2.0,91.0]|
2|[11.993328268084676,16.600400566358037,1.105233301007342,-0.2843236679519123,-0.2843236679519122,0.9171065537427252,1.0,32.0]|[13.841697567607468,-2.9459812277582778,0.48444935943503364,0.03009270159375171,0.03009270159375171,0.6194352222595332,2.0,91.0]|
2|[12.626382998725187,16.146889919496573,1.0747576343524607,-0.3045980474586786,-0.30459804745867863,0.9234176309760426,1.0,32.0]|[12.14112313732774,-5.247151022283048,0.45125789198415045,0.04123897230953133,0.04123897230953131,0.5288560491361853,2.0,91.0]|
2|[10.668699281072005,16.243006663794567,1.021657266479484,-0.24132049637324224,-0.2413204963732423,0.8127524487976838,1.0,32.0]|[9.911856119680252,-5.86124638361247,0.3971397959200054,0.010186960421097955,0.010186960421097957,0.4083428692770021,2.0,91.0]|
3|[13.429484877004779,13.058833044507717,0.8512335819985779,-0.23849593313976886,-0.2384959331397688,0.8645853195096015,1.0,32.0]|[7.222720693659698,-6.754712105604869,0.3307102971020147,-0.023481605851284833,-0.023481605851284806,0.32756181401235734,2.0,91.0]|[28.272939103435025,6.375122924367516,1.0473981866357893,-0.35571869665831807,-0.35571869665831807,2.5447605934467883,2.0,92.0]|
3|[14.113266291363388,12.586408604743255,0.8187487491996043,-0.26642305639872677,-0.2664230563987267,0.8798917820121229,1.0,32.0]|[4.826864509438264,-8.626083818255735,0.3089407368958069,-0.006446763399808255,-0.006446763399808253,0.31685434951863567,2.0,91.0]|[27.19933354041134,4.6754978932321505,0.9581754133373137,-0.2444371816168536,-0.24443718161685363,2.3381509439886043,2.0,92.0]|
2|[12.672018479461988,9.885576410641598,0.6414254432834,-0.12931593739171238,-0.12931593739171235,0.7063108555910033,1.0,32.0]|[26.064733228950384,-0.17461480157835924,0.8629627098480218,0.008442004775893899,0.008442004775893897,2.1230433274052665,2.0,92.0]|
2|[11.431183189784335,9.19495692876856,0.5668281453131484,-0.08504096178158979,-0.0850409617815898,0.6041463709649708,1.0,32.0]|[25.825042730439744,-3.0092774011374255,0.8255688405101923,0.14995300314082438,0.14995300314082435,2.0949634582238783,2.0,92.0]|
2|[10.269867513162023,8.405687366191517,0.493754763481119,-0.04635142949844814,-0.046351429498448136,0.5124480839384012,1.0,32.0]|[23.345931053802552,-3.4850167796643263,0.7739950248740859,0.1443754567040383,0.14437545670403829,1.7196061013415347,2.0,92.0]|
2|[9.449869984100605,9.100751329910887,0.4735525713633042,-0.06195052587284652,-0.061950525872846524,0.47821780535040986,1.0,32.0]|[20.030172231710907,-5.688892005514606,0.7458485069833063,0.17297835936939104,0.17297835936939107,1.30576400123969,2.0,92.0]|
2|[7.8114913514792,8.860453005331726,0.40887682809701414,-0.030783851595936145,-0.030783851595936117,0.40109863109756116,1.0,32.0]|[18.82730540449109,-5.08563703446786,0.6789290489845623,0.13765066601042136,0.13765066601042136,1.1513370781332803,2.0,92.0]|
3|[6.559965516985857,7.178763745612374,0.3146113843982403,0.020891700162538974,0.020891700162538964,0.31838291984726586,1.0,32.0]|[26.767553125919527,14.185352501117787,1.3924637727816611,-0.7818783472358846,-0.7818783472358845,2.4535036515482087,1.0,33.0]|[16.19663335267289,-6.040973134242191,0.6305625311027172,0.11310575349630693,0.11310575349630692,0.8916278877364416,2.0,92.0]|
3|[4.880997935801263,7.6438409358126655,0.27113544611140367,0.022081018912295036,0.02208101891229507,0.2916153162647088,1.0,32.0]|[25.78107980661714,14.262052821258745,1.3471321051646021,-0.7554212375392392,-0.755421237539239,2.294786296221115,1.0,33.0]|[13.993797834250143,-6.836376090080543,0.5796971387259776,0.0871049854533485,0.08710498545334851,0.7154443683255991,2.0,92.0]|
2|[24.096051689571468,10.275888442663028,1.075338552852283,-0.4559024403684289,-0.45590244036842886,1.9499675459391208,1.0,33.0]|[13.137786167329091,-6.335359666273829,0.5215848280790193,0.06906098760985799,0.069060987609858,0.6314953562065735,2.0,92.0]|
2|[22.754552747510548,11.623493346219318,1.0828996983614259,-0.48901309271924837,-0.48901309271924825,1.790410707317106,1.0,33.0]|[11.237102500490028,-6.556686645093045,0.46418298155083115,0.03778406897276129,0.03778406897276129,0.5068923192014677,2.0,92.0]|
2|[20.55441835972523,9.7545196553921,0.9386600009425587,-0.3221989729802835,-0.32219897298028355,1.4646814743718062,1.0,33.0]|[9.841391845654769,-7.4658655356115675,0.42758283853669576,0.037370623903285195,0.037370623903285216,0.44849417344936,2.0,92.0]|
2|[19.48623929797259,7.907542964841782,0.8297920792661231,-0.22408293596326398,-0.22408293596326395,1.2910574568232263,1.0,33.0]|[7.509487562193984,-6.129865881697873,0.33366945086194766,-0.03267118169281499,-0.03267118169281499,0.320314036640575,2.0,92.0]|
2|[17.496278266019345,8.447809397006582,0.784535361613179,-0.1907634527816883,-0.19076345278168835,1.0875188003513765,1.0,33.0]|[6.9239235967917505,-8.144818904960138,0.3442841722606298,0.0150951437263257,0.015095143726325718,0.3393597080053863,2.0,92.0]|
1|[18.422269533062813,8.736734725237588,0.7663257424840798,-0.2526572491586939,-0.2526572491586939,1.1792562132765507,1.0,33.0]|
2|[14.629657752797144,11.373844228013441,0.7789486434825181,-0.22867554858559497,-0.228675548585595,0.895299517500611,1.0,33.0]|[28.378764906497786,-7.832330356458495,1.1038200442136885,0.4428526192532137,0.4428526192532137,2.5861772208376093,2.0,93.0]|
2|[14.226626142232213,8.103105506031644,0.6254028588675576,-0.12090047235493927,-0.12090047235493923,0.7688062015408662,1.0,33.0]|[27.514130444554795,-6.91859973893814,1.0272118987952752,0.3741795406727206,0.37417954067272063,2.4211724587829857,2.0,93.0]|
2|[13.012284612800467,6.709360888037304,0.5457947030118949,-0.06393330562172442,-0.06393330562172445,0.6368232588836138,1.0,33.0]|[25.036556457389036,-8.942776359280359,1.0350046150304064,0.41924106507754516,0.4192410650775451,2.0589805737235323,2.0,93.0]|
2|[11.959469677456205,8.997753530984465,0.5533195367455065,-0.11032168385268712,-0.11032168385268712,0.6169539492876606,1.0,33.0]|[23.045897420821873,-8.488749849872137,0.9630525689203164,0.33955010827534293,0.33955010827534293,1.7598185356107983,2.0,93.0]|
2|[10.457619103675443,8.524580113743458,0.4850813589748833,-0.0682739622445539,-0.06827396224455391,0.5131833074031734,1.0,33.0]|[21.775556572087886,-8.608556727622856,0.9159193412229215,0.3152528867125172,0.31525288671251733,1.5887299944942208,2.0,93.0]|
2|[9.091886479071025,6.823328703648448,0.3954613855386336,-0.006263946818606658,-0.00626394681860664,0.3991069108950841,1.0,33.0]|[20.412881472855222,-11.58222896659758,0.9829070319677388,0.4189814935571475,0.4189814935571475,1.4836038015350113,2.0,93.0]|
2|[6.944760460352315,7.621867611826472,0.34265286919900945,0.011413093610376839,0.01141309361037686,0.3447795442691759,1.0,33.0]|[18.22860362158048,-9.724416044389697,0.840160701167239,0.2633830110962772,0.2633830110962772,1.1933702099508634,2.0,93.0]|
3|[4.698432896192317,7.370956780577706,0.2633506414362859,0.03856788680376286,0.03856788680376286,0.2992722565313616,1.0,33.0]|[27.529346002903083,8.99730162627837,1.1237671448726527,-0.4894216130843625,-0.48942161308436255,2.4613112642614094,1.0,34.0]|[18.446712279251784,-8.817466172046636,0.7759463668207226,0.253518389841982,0.25351838984198205,1.1851423803629921,2.0,93.0]|
2|[26.04433063918198,12.172411870293368,1.2143017385377746,-0.6395521458354482,-0.6395521458354482,2.283790744672479,1.0,34.0]|[15.006734331889104,-10.982788909554735,0.7746083856361146,0.22400447826973116,0.22400447826973124,0.9167457521009164,2.0,93.0]|
2|[24.5580898368881,9.148664323954343,1.0230902076955717,-0.4183995759567254,-0.41839957595672544,1.9903482297721027,1.0,34.0]|[13.78548537628171,-9.93028667803043,0.6818381925346803,0.15860665903062557,0.15860665903062554,0.7877688341744615,2.0,93.0]|
2|[21.6432345085393,9.792094962708255,0.9797808463294402,-0.3545618875932463,-0.35456188759324636,1.603045355724998,1.0,34.0]|[12.462302656481283,-10.624212990619014,0.6572314280770006,0.15415833381510766,0.15415833381510768,0.7066394002505587,2.0,93.0]|
2|[21.751312086248824,9.148777166577236,0.917426617684825,-0.3459973597082478,-0.3459973597082478,1.5945096314366638,1.0,34.0]|[11.142812019076866,-8.784377991501406,0.5406924273233985,0.06972751719873152,0.06972751719873148,0.5741710957775251,2.0,93.0]|
3|[19.886615159302494,8.575596874921429,0.8410628937484392,-0.26934298342347324,-0.2693429834234733,1.3495158697848242,1.0,34.0]|[8.385572022981043,-10.38608290240538,0.513818150555832,0.053275391270132436,0.05327539127013246,0.49084684654990823,2.0,93.0]|[26.27689672084658,-11.828248413167518,1.2516058556460117,0.604674250424625,0.6046742504246251,2.3227250555341636,2.0,94.0]|
3|[16.958332304380775,8.878208758639218,0.7788913288933216,-0.19167382429631083,-0.19167382429631083,1.0446617755687964,1.0,34.0]|[7.701500111412131,-9.744081838835521,0.4554303446720788,0.03368848764984995,0.03368848764984992,0.43943365315847205,2.0,93.0]|[25.806207861485117,-10.335461791307894,1.1370656548324716,0.511781493005939,0.511781493005939,2.2099427407771968,2.0,94.0]|
3|[17.618582603640704,8.925303501411955,0.7526205250046576,-0.23624551178206726,-0.23624551178206724,1.0992917018690296,1.0,34.0]|[7.016473194846734,-9.117754235225085,0.40168381172207224,0.015527933228998399,0.015527933228998385,0.3934549603333416,2.0,93.0]|[23.459533314535,-12.34073815288765,1.169183378746415,0.5400095851846836,0.5400095851846834,1.9116638102033554,2.0,94.0]|
2|[14.564527091349285,8.697452908610115,0.6700564948318426,-0.1368805557844853,-0.13688055578448524,0.8175325606999728,1.0,34.0]|[22.678517083086096,-8.37939286395143,0.9572467423655489,0.32122505152120384,0.32122505152120373,1.70794233647655,2.0,94.0]|
3|[12.7810533540027,9.315044695510077,0.6270471942462307,-0.11266372256450481,-0.11266372256450476,0.69952044430003,1.0,34.0]|[29.02685496559072,8.038627787351352,1.1286035282625804,-0.4725359622722352,-0.4725359622722352,2.7040308769584076,1.0,35.0]|[19.71467027771248,-12.572699822198595,1.0573653959633873,0.41527783049031175,0.41527783049031186,1.4437069331578471,2.0,94.0]|
4|[12.689083278962086,9.958924339034686,0.621299478571554,-0.15052725151971774,-0.15052725151971771,0.6949524689981289,1.0,34.0]|[27.561143429081664,7.321510159057137,1.0522976885218507,-0.3955431266425828,-0.3955431266425828,2.436208479895578,1.0,35.0]|[20.742918309131493,-10.916900443029295,0.9575184172291804,0.3997119522456451,0.39971195224564504,1.506634168775006,2.0,94.0]|[28.07613745737232,-13.198493057393476,1.3593829205232053,0.7748580209064964,0.7748580209064965,2.643420673718884,2.0,95.0]|
5|[10.089326715913682,9.518864464606175,0.5283506484550088,-0.06877986399759664,-0.06877986399759665,0.5363614952867632,1.0,34.0]|[25.858324566531337,4.0579504917207805,0.9266942192958545,-0.1905567579489785,-0.1905567579489785,2.1110677480612656,1.0,35.0]|[16.880804081503154,-12.155709476323523,0.9244222003682386,0.3080684712670654,0.3080684712670654,1.1304039721607462,2.0,94.0]|[28.257348055395756,-12.720779525945256,1.2950226633947375,0.7679386074816337,0.7679386074816338,2.6551782529450203,2.0,95.0]|[19.662411741928974,-24.042985089957106,2.2057295682905145,0.9890436787966125,0.9890436787966125,1.8051799495792287,2.0,98.0]|
7|[10.404891105070142,9.355384982988024,0.5093248798884286,-0.09215689091067622,-0.0921568909106762,0.5289587808456281,1.0,34.0]|[23.56367687173295,5.705110636364692,0.9013144612848705,-0.2265034265917223,-0.22650342659172235,1.781996152047114,1.0,35.0]|[15.617794212269647,-10.656238558600414,0.8045337091231622,0.21325609941050497,0.21325609941050494,0.9715744607252738,2.0,94.0]|[24.788722860806484,-11.397887137343035,1.1522673973115019,0.53977419148613,0.5397741914861299,2.078007746613146,2.0,95.0]|[26.822218209973286,-14.5439513320039,1.4215536900323875,0.8066572514066292,0.8066572514066294,2.471807618645674,2.0,96.0]|[22.852854900898635,-18.717968758498767,1.6760743099755107,0.860684005219228,0.8606840052192282,2.021931442749385,2.0,97.0]|[15.726661807600307,-23.41179436918254,2.012204455284996,0.7049044379810505,0.7049044379810506,1.4363482511826777,2.0,98.0]|
7|[6.828648550315707,8.738052489798692,0.3876071467799442,0.004206283717576339,0.004206283717576337,0.38970243393835785,1.0,34.0]|[24.000669019757414,5.017157934070687,0.8416385975041859,-0.21679776833937422,-0.21679776833937425,1.8334180671566145,1.0,35.0]|[13.878568341346492,-10.381476484835627,0.7322468439983474,0.15443574520855435,0.15443574520855435,0.8231842735114773,2.0,94.0]|[21.12720362619895,-12.947371484549999,1.1487100980522198,0.4718746829879695,0.47187468298796936,1.6295249685669797,2.0,95.0]|[22.354033999304203,-16.52298498938604,1.4612596182326456,0.7047304271038959,0.7047304271038959,1.8937916305245317,2.0,96.0]|[20.048832262697406,-17.519878487129024,1.4870382852864026,0.6363896770830675,0.6363896770830673,1.6591736631342457,2.0,97.0]|[15.319256971993465,-22.487843411638725,1.8753946546498323,0.6433585955708427,0.6433585955708426,1.3692501864039355,2.0,98.0]|
7|[20.585369195990005,7.104480796912564,0.824664618134701,-0.22684515671970273,-0.2268451567197028,1.4036633633536117,1.0,35.0]|[29.15730367743447,-3.662804535525304,1.0016322891282685,0.21317730243713734,0.21317730243713737,2.6718241075534914,1.0,36.0]|[13.170334749964887,-10.82716619132749,0.7100423096305166,0.1630505563580507,0.16305055635805066,0.7743377561945006,2.0,94.0]|[21.500872012647477,-13.4591969854053,1.1522205947169206,0.5374041594574561,0.5374041594574562,1.674309663197066,2.0,95.0]|[20.879085511788062,-17.266327283304932,1.4645571192846636,0.6858518700666154,0.6858518700666153,1.7267374478235282,2.0,96.0]|[19.88410575287186,-16.75513325884037,1.398850375625584,0.6016215174836699,0.6016215174836698,1.6058729002787464,2.0,97.0]|[15.78478223776982,-21.08300026839297,1.712650712613152,0.6077014527853207,0.6077014527853206,1.3559564625783964,2.0,98.0]|
7|[20.980670545045438,6.234704330489619,0.761665977361589,-0.2185278014749439,-0.21852780147494386,1.4321045997121218,1.0,35.0]|[28.055600759511563,-0.980287729542181,0.9241945260787499,0.053757129608588736,0.05375712960858875,2.4608324179829637,1.0,36.0]|[13.074311470037564,-11.609553690463644,0.7215766505260705,0.2075923281919634,0.20759232819196338,0.7710254698987739,2.0,94.0]|[18.50161595743584,-13.127388801266877,1.0527359529433395,0.3941329927448348,0.3941329927448349,1.3285753701644127,2.0,95.0]|[19.422709354398492,-15.380535264673833,1.2649464656013545,0.5172281326279028,0.5172281326279028,1.5085231000450212,2.0,96.0]|[18.268656818502983,-18.18814599464065,1.4627639195754558,0.6112298874016739,0.6112298874016739,1.468163280792821,2.0,97.0]|[12.355248558596154,-23.381894567236262,1.899011430301211,0.5421466998797569,0.5421466998797569,1.1594931773222288,2.0,98.0]|
6|[16.674387683578875,6.3610589121937,0.6917806045125534,-0.11578641338675283,-0.11578641338675283,0.9511231611742891,1.0,35.0]|[25.179311553799977,-1.54271809971074,0.8739225658170473,0.0682988114228036,0.0682988114228036,1.9844698299042833,1.0,36.0]|[11.732132259247184,-11.472605836405071,0.6673212246534411,0.17026497447171968,0.17026497447171957,0.6749392874156415,2.0,94.0]|[15.820920145279258,-14.889858704621535,1.0807141147906385,0.37109174358581865,0.3710917435858187,1.1257572019386775,2.0,95.0]|[18.152728190431127,-14.466816135754957,1.1520715417379443,0.42372933413472097,0.42372933413472097,1.3460692156474328,2.0,96.0]|[16.887292874719176,-19.053701381673843,1.4943649090436923,0.5994690449136844,0.5994690449136842,1.3493015225762144,2.0,97.0]|
6|[16.214638509022688,7.77692011582059,0.6762823172914575,-0.16034475296498135,-0.1603447529649814,0.9336910840637175,1.0,35.0]|[25.26823770760014,-2.889643713348684,0.8327433150408268,0.13592521872815222,0.13592521872815225,2.0057853123567866,1.0,36.0]|[8.832859719517463,-10.840332616773921,0.55360502189804,0.07047643255157252,0.07047643255157252,0.5245363962006402,2.0,94.0]|[16.587209876946986,-13.585210593440195,0.9903114665724816,0.36545527178364035,0.3654552717836403,1.1372092530419493,2.0,95.0]|[16.177468610806464,-15.213637928888698,1.134273456620223,0.3826085199867088,0.3826085199867088,1.1813081553718907,2.0,96.0]|[14.51202790122248,-16.65689697920192,1.2049906476916874,0.3674672935843278,0.3674672935843277,1.1033613096546238,2.0,97.0]|
7|[14.379456243731727,8.299070018224478,0.6296599143122569,-0.1337333513424836,-0.13373335134248357,0.7841902796390305,1.0,35.0]|[22.00532823706722,-1.1417851577729397,0.766800904914638,0.03894028808642238,0.03894028808642237,1.5152664590548874,1.0,36.0]|[29.096484881677846,-10.647937716413669,1.2207913525138003,0.6510736592473213,0.6510736592473212,2.7616487955837226,1.0,37.0]|[8.08093381108775,-11.559601331431688,0.5608612742181823,0.08693587835311,0.08693587835310994,0.49727536590751625,2.0,94.0]|[14.039808225483176,-11.711095803563882,0.8129193157672497,0.19322593621744544,0.19322593621744538,0.8833910648874,2.0,95.0]|[16.49009274921805,-16.11896297161178,1.1881014761285067,0.46291884389067633,0.4629188438906764,1.2091784709143452,2.0,96.0]|[13.539904138334508,-15.744077657634406,1.0934159074063479,0.295444390896366,0.295444390896366,1.0039579773197829,2.0,97.0]|
6|[12.4772244367494,8.322448806586635,0.5676654233706406,-0.09023081823374227,-0.09023081823374227,0.642756765063367,1.0,35.0]|[18.993695291816923,1.2605125333275458,0.7144059205594523,-0.027735242122497526,-0.027735242122497516,1.1304863400308458,1.0,36.0]|[23.31600928629402,-9.906694078777278,1.0975232400284323,0.3858024575887564,0.38580245758875653,1.841610016129899,1.0,37.0]|[12.217292591020904,-14.559936310944876,0.9160427374011363,0.25367702374171436,0.2536770237417143,0.8265848662860517,2.0,95.0]|[13.475014238659863,-13.815653269659775,0.9366482683334966,0.23298187034500925,0.2329818703450091,0.9250142421637898,2.0,96.0]|[15.302781258885574,-16.984003295614453,1.2231015715516556,0.4551557581786197,0.45515575817861964,1.1280412070632635,2.0,97.0]|
6|[10.02794184079696,8.891819782174833,0.5074778508240255,-0.047740233665984955,-0.04774023366598494,0.5189864571448809,1.0,35.0]|[20.114927027474785,1.8833609348018574,0.6659889207188048,-0.057066198034465825,-0.05706619803446583,1.2701319638132706,1.0,36.0]|[24.92947171691441,-9.956912959234762,1.072782912913657,0.4709448546702346,0.47094485467023456,2.0638071172112764,1.0,37.0]|[13.143062097046995,-12.015350274664263,0.7654277277329316,0.20617352345592396,0.20617352345592402,0.8024686048358083,2.0,95.0]|[16.157532473477954,-14.836472710937814,1.0464545255754232,0.4198505146418548,0.41985051464185474,1.1181660833154037,2.0,96.0]|[9.648436332324072,-15.790125585901853,0.9660011659878744,0.17028052047198322,0.17028052047198317,0.7913776032096694,2.0,97.0]|
6|[9.033043341399983,9.157324268395152,0.4723733350499655,-0.04527330766237045,-0.045273307662370435,0.4711360051785631,1.0,35.0]|[16.599701779088623,1.9911353003533343,0.6128837667808358,-0.03125759021251041,-0.031257590212510435,0.8697227735033779,1.0,36.0]|[23.428282167755416,-7.813902418069869,0.9428357923420995,0.32125281616896645,0.32125281616896645,1.7988966610782677,1.0,37.0]|[11.431372380704985,-11.238314058743338,0.6699867136373071,0.13080570281781162,0.13080570281781168,0.6744428778044332,2.0,95.0]|[14.156168564665984,-13.853649106228499,0.9189931343542695,0.3004326073762531,0.30043260737625305,0.9319739133014595,2.0,96.0]|[9.692906026874823,-16.04502715490373,0.9804090669503938,0.1948116952789864,0.19481169527898637,0.7756170576558469,2.0,97.0]|
6|[6.704860259076617,8.983807020329873,0.3927285734357254,4.5389093669111125e-05,4.53890936691199e-05,0.39275551492493965,1.0,35.0]|[16.078722953679016,2.7371826237992223,0.5658751772202376,-0.04518390065759791,-0.04518390065759792,0.8236019241874113,1.0,36.0]|[22.075178476618877,-5.366110567334095,0.832594813500779,0.1896594719420541,0.18965947194205415,1.5667154441183389,1.0,37.0]|[10.899751991633327,-11.28275934720552,0.6425725152834995,0.13094135097068865,0.13094135097068865,0.6335263878209679,2.0,95.0]|[12.166125457696719,-12.613134979217088,0.7814235268402353,0.18481955331876576,0.18481955331876576,0.7680828551487238,2.0,96.0]|[8.886755714757207,-15.730389183267262,0.9255830936318425,0.16721150707923127,0.16721150707923121,0.7240678634527624,2.0,97.0]|
6|[14.081467996748131,4.3023777052640835,0.5224865360618605,-0.04735758010122324,-0.04735758010122324,0.6630161515452706,1.0,36.0]|[20.79666398345368,-6.895637505468495,0.8125407804829257,0.2279901693623878,0.2279901693623878,1.4245443355429972,1.0,37.0]|[25.295077500212688,-16.123637392590155,1.521298613781542,0.8226435224360026,0.8226435224360025,2.2875068208321605,1.0,38.0]|[8.583117671515215,-11.300205828894525,0.5723923147507789,0.07486463990108384,0.07486463990108388,0.5306921253626723,2.0,95.0]|[10.743858095996503,-12.642589207685488,0.7323373304222074,0.15045198620582295,0.15045198620582295,0.6831527066408624,2.0,96.0]|[9.223207409353563,-15.117767592907462,0.8775415911950685,0.1679927797334272,0.16799277973342722,0.7046752845576463,2.0,97.0]|
6|[12.675419509477369,6.266859656190723,0.4915597832011214,-0.06587718634548315,-0.06587718634548313,0.5922333391384003,1.0,36.0]|[21.471645940752364,-3.86312948631988,0.71198145252019,0.13950093628770052,0.13950093628770055,1.4622424091134947,1.0,37.0]|[23.63931017860197,-15.391519200534056,1.4101004342099959,0.7008939944482783,0.7008939944482784,2.0302286286073565,1.0,38.0]|[8.544377478983078,-9.707554025299885,0.487327375267873,0.04010570640972785,0.04010570640972783,0.47706210485090916,2.0,95.0]|[9.011954652894293,-10.077493242862067,0.5489944276058334,0.024778016220055415,0.02477801622005544,0.5434448801390226,2.0,96.0]|[8.002628651974439,-13.442886042403702,0.715300035643106,0.08322430167109,0.08322430167109005,0.6250430345591501,2.0,97.0]|
5|[11.908818832043309,5.335108904270054,0.4318095986833954,-0.04494253669580895,-0.04494253669580895,0.5119944512326678,1.0,36.0]|[17.101337303865687,-1.5289504308575397,0.6383808635947203,0.025287095102926357,0.02528709510292636,0.9189566638058592,1.0,37.0]|[25.25706441128236,-13.623313921681202,1.2844793488415116,0.6952518362589741,0.6952518362589741,2.198438395666861,1.0,38.0]|[7.1073256807989305,-10.860021586664006,0.491758434285468,0.05295132822928606,0.05295132822928606,0.4455025179886329,2.0,95.0]|[10.958796417368672,-10.701049690790828,0.6074725726059561,0.12271125450032137,0.12271125450032136,0.6133143322103534,2.0,96.0]|
5|[9.084658864643833,6.616095802319514,0.3766610691049499,-0.013132923736995391,-0.013132923736995414,0.3851297499666723,1.0,36.0]|[18.397347626304867,-0.7123220277826015,0.5852608892327698,0.018352910803467515,0.018352910803467522,1.0585562384738818,1.0,37.0]|[23.158224042738784,-9.897543475420797,1.0365550320234644,0.40409365708470263,0.40409365708470274,1.809346686334984,1.0,38.0]|[6.56792654502985,-9.729001534668543,0.4151427881928902,0.022884275248829543,0.022884275248829532,0.39669343472823326,2.0,95.0]|[9.673714709596105,-10.62465899168105,0.5586846815025917,0.09501117299484081,0.09501117299484078,0.5408410716102465,2.0,96.0]|
5|[7.289956043805433,6.944104360860895,0.32219547610401383,0.00517901996273891,0.005179019962738881,0.32169183039973404,1.0,36.0]|[16.3881469437614,-1.547691200730255,0.5352050809321779,0.029423138110033793,0.029423138110033793,0.8439812265680807,1.0,37.0]|[21.05540340570493,-12.224989546473049,1.078004112249697,0.44963089127082223,0.4496308912708222,1.591354130749719,1.0,38.0]|[5.025676224476199,-7.970939057686811,0.2990726258793653,-0.034254097011918894,-0.034254097011918894,0.3318038953053016,2.0,95.0]|[7.757046935338177,-9.732258814648318,0.4597581428234712,0.03044063403606504,0.030440634036065076,0.44582882383802824,2.0,96.0]|
4|[4.644198267597948,7.678673140035679,0.26311743042304025,0.018952130548002842,0.018952130548002846,0.28299011630900833,1.0,36.0]|[13.635433718466675,0.753969215049364,0.4804379085747557,-0.005659248402469061,-0.005659248402469061,0.5824717415523348,1.0,37.0]|[21.09749765039054,-9.026120911177493,0.9044825122367364,0.31703999957643775,0.31703999957643775,1.509887379959306,1.0,38.0]|[6.708798186414579,-9.283081402742239,0.402961352225044,0.009661083725302682,0.009661083725302656,0.3965751186941497,2.0,96.0]|
4|[12.162188678977511,1.6372875109863918,0.4288650494638599,-0.005620754659495073,-0.005620754659495066,0.469860774474296,1.0,37.0]|[21.307138362398582,-4.191626977253139,0.7476962419864628,0.14280627156135342,0.1428062715613534,1.4455245124842353,1.0,38.0]|[24.790430265144433,-14.719581649190797,1.4076981509748616,0.7064958999746175,0.7064958999746175,2.1780752123172333,1.0,39.0]|[6.329726441338011,-7.37550702840535,0.32209872332558226,-0.03134900988702253,-0.03134900988702253,0.33172313121567293,2.0,96.0]|
4|[10.502282533251378,3.086065770238585,0.3768193585462164,0.0006997368643571907,0.0006997368643572044,0.3746436788198721,1.0,37.0]|[20.706765627494594,-3.7155296495571015,0.6915071150116945,0.12408374832450018,0.12408374832450017,1.3607647806379406,1.0,38.0]|[23.989564170411814,-12.015084930888849,1.2051120537113134,0.5230967695413333,0.5230967695413333,1.9875466642908288,1.0,39.0]|[5.586610764216038,-7.762227733048006,0.3005075692511069,-0.020412584423214898,-0.02041258442321492,0.3141782177267349,2.0,96.0]|
4|[8.660954284386458,4.482221753434681,0.32141597497170965,0.012536788458488459,0.012536788458488463,0.30367930392744696,1.0,37.0]|[18.452555321443196,-2.8047988471799616,0.6284010287218965,0.06995390430201798,0.06995390430201798,1.0779893375516685,1.0,38.0]|[24.521350151993563,-13.453766663494473,1.2543735752564205,0.6530552518976117,0.6530552518976118,2.086354907065954,1.0,39.0]|[4.098391365758735,-7.560642797757788,0.24689188351193223,-0.029091273662626017,-0.029091273662626017,0.28478948860541964,2.0,96.0]|
3|[6.7246027571290234,4.723806847305168,0.2589649756992541,0.03366358626250921,0.033663586262509246,0.2346905163945288,1.0,37.0]|[16.697710465274838,-1.1614295881709267,0.5668538338596298,0.021468000380472717,0.02146800038047272,0.8740030346097128,1.0,38.0]|[22.7699608301845,-10.17433807466439,1.0295519184211988,0.40846490769814164,0.40846490769814164,1.761173011098498,1.0,39.0]|
3|[4.372898355201981,5.623269744904045,0.19096247603544245,0.04165329417466231,0.04165329417466231,0.21213456122178512,1.0,37.0]|[14.82100710753982,0.5354070767003845,0.512982164104594,-0.006298344976801884,-0.006298344976801884,0.6871038748314094,1.0,38.0]|[23.0427450101128,-3.2240287307567157,0.8136770718397156,0.12285368355693654,0.12285368355693654,1.6745465668884754,1.0,39.0]|
2|[13.45244056402018,3.1557799174130707,0.46801846108569656,-0.030172924615725148,-0.030172924615725162,0.5895612280605531,1.0,38.0]|[21.770049636116266,-3.3442012663715324,0.7627764997486833,0.11570262266059995,0.11570262266059994,1.4982027013533525,1.0,39.0]|
3|[10.411039832241114,5.165404824816709,0.4133616898317038,-0.00433145202116124,-0.004331452021161241,0.4199428345594185,1.0,38.0]|[19.29851554171049,0.35869048999490444,0.6933719082451024,-0.008751739540074636,-0.008751739540074637,1.1640764302750497,1.0,39.0]|[26.79524863614035,-9.922611087326244,1.1463041936803133,0.5203068691291751,0.5203068691291751,2.3586768538423075,1.0,40.0]|
3|[8.621919239256249,4.765972873528156,0.350837686595408,0.026286709562354328,0.02628670956235432,0.31781412589516067,1.0,38.0]|[19.836573912332575,2.1198878748083385,0.6486263024054579,-0.06359225497034093,-0.06359225497034093,1.2368865682535428,1.0,39.0]|[27.47938140537457,-5.019806569176927,0.9536427764896446,0.27123813051523454,0.2712381305152345,2.3889036586113868,1.0,40.0]|
4|[6.66783119427984,7.342147885744573,0.31550975145479604,0.008937364536148424,0.008937364536148426,0.3172344100798534,1.0,38.0]|[16.15900924671263,4.247241420404671,0.6095976586492847,-0.06905948603191937,-0.06905948603191937,0.8541890129491368,1.0,39.0]|[25.770286572612523,-4.638985246233846,0.8936483868828091,0.22482010713672695,0.22482010713672698,2.1020886164380617,1.0,40.0]|[14.109376674908573,-23.386093785703437,1.9386127196260747,0.6506570403299959,0.650657040329996,1.2527144001713124,2.0,99.0]|
4|[4.856871145227474,7.0794739513789935,0.25051120567038737,0.02940929682726572,0.02940929682726574,0.2732025536370006,1.0,38.0]|[15.295817820964192,5.998616978228761,0.582714170149335,-0.10230021602833819,-0.10230021602833816,0.8034490916520288,1.0,39.0]|[23.701474372488168,-1.796592861236146,0.8067590778990668,0.07267821870595347,0.07267821870595347,1.7600542916261406,1.0,40.0]|[13.144718665437965,-22.393479532721834,1.7799632161831396,0.5571580437151388,0.5571580437151387,1.1578284303561563,2.0,99.0]|
3|[12.80699436689046,7.941359325451573,0.5553482228168112,-0.09566651164058995,-0.09566651164058995,0.6503082971339191,1.0,39.0]|[22.776369029548523,0.28769678438824264,0.7489311517938517,-0.011020123105570606,-0.011020123105570608,1.6212326756162614,1.0,40.0]|[16.07708325952042,-18.960709678118317,1.4578608343273003,0.558198200417457,0.5581982004174569,1.2728478024557552,2.0,99.0]|
3|[10.485406405181054,8.578625313789662,0.5011457415204951,-0.059232796704331306,-0.05923279670433136,0.5250830248003882,1.0,39.0]|[20.36463683905699,3.6083629570019844,0.7158577019826481,-0.10999960338096486,-0.10999960338096483,1.3171755101133005,1.0,40.0]|[14.1307150699175,-17.1787399765406,1.231908748857297,0.38206847589809584,0.3820684758980959,1.0817053429572832,2.0,99.0]|
3|[9.32768203659119,8.356217193015198,0.44773537425498555,-0.03794674361683837,-0.037946743616838335,0.4560990306061542,1.0,39.0]|[16.782113653883425,3.4788943986423875,0.6558216970192978,-0.054334863234934805,-0.054334863234934805,0.9066684433995973,1.0,40.0]|[14.524574073643308,-16.325264076387935,1.157703285368848,0.3758511625941292,0.37585116259412915,1.0696502928202167,2.0,99.0]|
4|[6.574743571193746,9.194415909243835,0.39304184042011087,-0.008694325496844449,-0.008694325496844466,0.3871004450887685,1.0,39.0]|[15.963648201115616,4.782718394177565,0.6164562633041252,-0.07531475584250867,-0.07531475584250867,0.845275789721632,1.0,40.0]|[27.96180496870058,-5.586280338195557,1.0301954288738395,0.3017939611562966,0.3017939611562966,2.4805145821871526,1.0,41.0]|[13.848298343044593,-15.675169975254537,1.0760497799911555,0.32947615835038785,0.32947615835038785,0.9941862003419846,2.0,99.0]|
3|[15.373937610781901,5.420781845150937,0.5765567356955161,-0.08951653490375563,-0.0895165349037556,0.798872410723352,1.0,40.0]|[27.59469487406694,-3.6786679627974976,0.9444618853834242,0.19695067553149376,0.19695067553149376,2.3955871568208806,1.0,41.0]|[12.11009701006972,-14.313606329939685,0.9201125661642467,0.2108801402543753,0.21088014025437526,0.8492776200846346,2.0,99.0]|
3|[12.069085861072313,7.933765552860078,0.5449099651431923,-0.07032457674142867,-0.07032457674142863,0.6056611077405147,1.0,40.0]|[26.231867516882335,-1.0763845035435688,0.8687839949508519,0.05273436999643306,0.05273436999643305,2.1517751958083076,1.0,41.0]|[13.279530990518467,-13.911791293528513,0.9091283522675802,0.2584915978206125,0.25849159782061243,0.885073267975429,2.0,99.0]|
3|[11.029446431585805,7.635913155452316,0.4904976015252166,-0.049748174928544296,-0.04974817492854432,0.5279130478050128,1.0,40.0]|[23.790726280554196,1.0969651383947845,0.8173847097392072,-0.044038574834800295,-0.044038574834800295,1.770452566185001,1.0,41.0]|[10.207115873705908,-13.767154710375296,0.8069848080056754,0.14954936629518756,0.14954936629518759,0.71615310066834,2.0,99.0]|
3|[7.960670872891106,9.868670779223944,0.4693145077540176,-0.040987668921966765,-0.040987668921966765,0.45156613480957264,1.0,40.0]|[21.97655308136609,5.109035212360422,0.8070083376751374,-0.182219425412122,-0.182219425412122,1.548464795807102,1.0,41.0]|[12.97925837437046,-12.06654399229942,0.7615494790625827,0.204421042106555,0.204421042106555,0.7913869949117113,2.0,99.0]|
3|[6.252872594389888,9.468538504427318,0.3977848761015471,-0.006903180716152512,-0.0069031807161525,0.391890346415634,1.0,40.0]|[20.882339778249733,5.983899344598276,0.7723268680303295,-0.2012394629765378,-0.2012394629765378,1.416937399962668,1.0,41.0]|[11.672244763943224,-11.262622664562961,0.6746038723662254,0.14235776175801507,0.14235776175801512,0.6847772893192381,2.0,99.0]|
3|[18.198605869627546,7.092913633881582,0.7350387750366422,-0.17816623282727284,-0.17816623282727279,1.1227274925791204,1.0,41.0]|[9.283364045442823,-10.831953767564551,0.5796471055098317,0.06571473802382301,0.065714738023823,0.5592901010027602,2.0,99.0]|[24.79329545066435,-15.185758624715547,1.4416974162262906,0.734918031051079,0.7349180310510791,2.1914409461826208,2.0,100.0]|
3|[16.686879702904587,7.418172851767341,0.6877673682408096,-0.15752581431255339,-0.15752581431255339,0.9720870202155859,1.0,41.0]|[9.477929759557991,-10.571992565744537,0.5584005592947179,0.0798488597598177,0.07984885975981772,0.5409200801593513,2.0,99.0]|[24.511661236195255,-11.099091327973191,1.1698000285466177,0.49478670067228187,0.494786700672282,2.038462376106528,2.0,100.0]|
4|[13.165118618651531,7.893922447008315,0.6150517014174658,-0.07273021371435373,-0.07273021371435376,0.6927381024548351,1.0,41.0]|[30.00797037892482,5.607463134876871,1.0587463679854003,-0.34635046387213997,-0.34635046387214,2.847497055683607,1.0,42.0]|[7.1392029561962325,-10.647307525883862,0.48984987045952777,0.03532384223284056,0.03532384223284052,0.46085362997423857,2.0,99.0]|[22.240406468315427,-16.674857390191306,1.4444924016609526,0.7273536006243446,0.7273536006243447,1.8692769793430937,2.0,100.0]|
4|[13.138965082055124,7.21147944306937,0.5676205873780076,-0.0737470382596203,-0.07374703825962034,0.6615071557825972,1.0,41.0]|[26.843439858957407,9.451797268552223,1.1181710167576473,-0.497442574866949,-0.49744257486694893,2.3557719463734785,1.0,42.0]|[7.228597548053612,-10.604803590872361,0.48071448762717717,0.04989708874439439,0.0498970887443944,0.4415239110223166,2.0,99.0]|[22.54801203857148,-12.445597356284177,1.1371673628904684,0.5164335546133564,0.5164335546133564,1.7877528618950242,2.0,100.0]|
3|[11.367513856182928,10.206972361930541,0.5942758434102026,-0.12130542876334902,-0.12130542876334895,0.6204527872443895,1.0,41.0]|[25.249508870266393,5.989781589942842,0.9570800930598347,-0.27217028239156055,-0.27217028239156055,2.039829804184189,1.0,42.0]|[21.609028142483243,-9.329852794784841,0.9505641761999754,0.33705190882819835,0.3370519088281984,1.585691163336097,2.0,100.0]|
3|[8.98639493172149,10.85726152861703,0.5499591581622606,-0.08550165035834227,-0.08550165035834223,0.517425476094288,1.0,41.0]|[23.296930920463165,7.674510255858841,0.9442463748818445,-0.30829573732258847,-0.30829573732258847,1.7785572022049185,1.0,42.0]|[21.2768929242256,-10.869981228632895,0.9706241175411511,0.41549953988305244,0.41549953988305244,1.5716513699257093,2.0,100.0]|
3|[8.653901290424473,9.285017309812703,0.46082250967158583,-0.045721014778451904,-0.045721014778451946,0.4543804214324506,1.0,41.0]|[21.820404145779722,8.526643800367484,0.9157027086748708,-0.31236958640647583,-0.3123695864064759,1.593019945176032,1.0,42.0]|[18.122290218354888,-10.604228534177203,0.882025452312457,0.29003826129013044,0.2900382612901305,1.2079762263118683,2.0,100.0]|
3|[4.605741253000835,9.191651021728948,0.34059980919917376,0.020543265603342842,0.020543265603342846,0.37130409043495033,1.0,41.0]|[21.221472077167412,7.2534340942375035,0.8318830688698255,-0.2528806539314504,-0.25288065393145037,1.4853056503888902,1.0,42.0]|[17.96153793225093,-10.506165799659502,0.8419309933217666,0.2989935804292837,0.29899358042928365,1.1782069812641158,2.0,100.0]|
2|[19.427007410671226,9.149722736039596,0.8330664533941642,-0.2863243108026314,-0.2863243108026314,1.3061472337020592,1.0,42.0]|[14.750291529767441,-10.272341847950814,0.7490872168696344,0.18145992431974045,0.18145992431974048,0.8832780594551606,2.0,100.0]|
3|[16.97116854490794,10.121199410907524,0.8011049761741853,-0.24991991104209108,-0.24991991104209105,1.0711229719856208,1.0,42.0]|[26.770509717808107,12.25925563761966,1.2675714804658855,-0.6601694365992878,-0.6601694365992878,2.406864822036189,1.0,43.0]|[15.129392697153076,-10.12965922720205,0.7208167905438041,0.2109931650099867,0.21099316500998663,0.8946833077688663,2.0,100.0]|
4|[15.562721816144697,10.744901183028665,0.7719404251686757,-0.2386836147249335,-0.2386836147249335,0.9528522119091611,1.0,42.0]|[25.422503356177796,11.288778362727816,1.16486860033553,-0.5564073812104664,-0.5564073812104664,2.1708357692092184,1.0,43.0]|[11.797831008875038,-10.3858807933906,0.6400872197812609,0.11615895845337788,0.11615895845337788,0.6697806795672573,2.0,100.0]|[27.878842159211516,-5.633529768483672,1.0589187895559593,0.2968574391327396,0.2968574391327396,2.468000851587805,2.0,101.0]|
4|[14.200101498000365,9.004748892174137,0.6554137854445733,-0.1446462516404673,-0.1446462516404673,0.7917897796390461,1.0,42.0]|[24.142321747014467,13.387799732583026,1.2263061039868535,-0.6405884969928719,-0.6405884969928719,2.026254511566367,1.0,43.0]|[11.780587786885524,-9.088834066878611,0.5702825683018001,0.09377660159761919,0.0937766015976192,0.6194825674725202,2.0,100.0]|[27.35784566087304,-7.338964914052164,1.053981331725857,0.3898357975071223,0.3898357975071222,2.4026161182019075,2.0,101.0]|
4|[12.75085155526578,11.068898051469358,0.6805229218304052,-0.18266171048210333,-0.18266171048210336,0.7323736811520475,1.0,42.0]|[21.24181931923813,12.219629940880457,1.0865960706117248,-0.45448585862619467,-0.45448585862619467,1.6151962376002185,1.0,43.0]|[10.205867410981533,-10.313465406641711,0.56015555774632,0.09876406590104785,0.09876406590104782,0.5580839294258603,2.0,100.0]|[26.15980909864723,-5.018863656965561,0.946933574497643,0.24371249189564853,0.24371249189564845,2.170478305975463,2.0,101.0]|
5|[11.281908048857481,8.579571826745372,0.5356048018306724,-0.07009255724809904,-0.07009255724809904,0.5744712381632677,1.0,42.0]|[18.810315644173745,14.141823637245947,1.1233473777364074,-0.45658673866804833,-0.45658673866804833,1.387394858055813,1.0,43.0]|[23.74928659387395,18.691042427674336,1.6993960700488173,-0.9089162425660015,-0.9089162425660013,2.1389562112566707,1.0,44.0]|[7.02242956064019,-8.81480843325993,0.4081001708619277,-0.014036459501950996,-0.014036459501950998,0.4145369197410429,2.0,100.0]|[25.266261393677105,-8.666190930599756,0.9963817593797404,0.4229931212019207,0.4229931212019208,2.0845329612013104,2.0,101.0]|
5|[9.554925331916017,10.46185664022488,0.5444898004057864,-0.0906991908395957,-0.09069919083959575,0.5280181921951518,1.0,42.0]|[17.907420864239977,13.550184451240535,1.0417655709098814,-0.4041419297102793,-0.40414192971027935,1.2700584928462868,1.0,43.0]|[22.69656239181704,16.220635782894313,1.446112449896185,-0.7045718854479063,-0.7045718854479063,1.9284386313136346,1.0,44.0]|[6.839887917761105,-9.66381230212301,0.42362208439553184,0.02036481720208432,0.020364817202084332,0.40926330792686905,2.0,100.0]|[21.883802203616778,-5.773789219806897,0.8547580402098676,0.19681377943652104,0.196813779436521,1.5487941107272951,2.0,101.0]|
4|[7.870900089541846,9.603707912717272,0.4534317280681422,-0.03462991966452062,-0.03462991966452063,0.4395595075554687,1.0,42.0]|[17.976650501323345,11.494660055006822,0.9046992892366678,-0.3312553431777804,-0.3312553431777805,1.2109420425888116,1.0,43.0]|[21.969211672685958,17.863726052785523,1.5402900044722776,-0.7848077088788266,-0.7848077088788264,1.8673170038846925,1.0,44.0]|[21.481289854702077,-9.097235872280821,0.8986819135179257,0.3396174432309409,0.33961744323094084,1.5567935307559158,2.0,101.0]|
4|[5.894675256227607,9.503399293322387,0.3880791659528206,-0.004407519938502944,-0.004407519938502944,0.3837072126490333,1.0,42.0]|[15.578034089366353,10.497051925497617,0.7920064306283124,-0.209345482165946,-0.209345482165946,0.9616186034135282,1.0,43.0]|[18.55042353415773,18.10775707524075,1.4664597155471133,-0.6184231967863986,-0.6184231967863987,1.4963351896013526,1.0,44.0]|[20.70799091854929,-7.121932810545369,0.7911213381354384,0.24330086509753937,0.24330086509753937,1.4148752739556165,2.0,101.0]|
4|[13.91963137367208,12.252458291944945,0.8129365924966951,-0.23033021318673572,-0.2303302131867357,0.8718642302212145,1.0,43.0]|[19.116821899906775,17.924641329545018,1.442796469894509,-0.6593986606221915,-0.6593986606221914,1.5277755579100563,1.0,44.0]|[18.700948498296135,-7.611563281779191,0.7478399562844287,0.21412449136239306,0.21412449136239306,1.1867733524853235,2.0,101.0]|[26.753891366119298,-2.6018435712607753,0.9697423165145174,0.12527554222738607,0.1252755422273861,2.245725840810251,2.0,102.0]|
5|[12.641567291812521,11.987865725568247,0.7495994781481845,-0.18859808078262585,-0.18859808078262583,0.769636280680232,1.0,43.0]|[15.752778904996214,17.288179864068198,1.2911473929212884,-0.4590742540922864,-0.45907425409228647,1.205630692446392,1.0,44.0]|[17.27722971179221,23.197535828483947,2.0318047422173033,-0.7822700190270071,-0.7822700190270071,1.5641027401164378,1.0,45.0]|[16.941038728061844,-10.161369745287619,0.7747433534162069,0.26678196968178625,0.26678196968178625,1.0595043874805334,2.0,101.0]|[27.032115590099192,-3.1524138276610225,0.9257320645344884,0.16196295033092173,0.1619629503309217,2.295685253654018,2.0,102.0]|
5|[11.75997668660308,10.6689666028673,0.6479554330960132,-0.1269405378779457,-0.12694053787794568,0.6727130646373131,1.0,43.0]|[16.894475002679723,15.795443183226944,1.1805153693187511,-0.45913924295296105,-0.45913924295296105,1.2423301023023636,1.0,44.0]|[14.841243154321065,22.97221472634235,1.9293595308689673,-0.63162667904265,-0.63162667904265,1.359751433592732,1.0,45.0]|[14.183548833949667,-7.737651458518776,0.6261867302992933,0.10341533699172509,0.10341533699172513,0.7593359412656988,2.0,101.0]|[25.392931957728507,-4.281218859275413,0.8896831780464113,0.1993800228989546,0.1993800228989546,2.0386384908666018,2.0,102.0]|
6|[9.982439951099117,10.637199162834209,0.5861127566280072,-0.08404936552557926,-0.08404936552557926,0.5754263149623029,1.0,43.0]|[15.0428912673272,15.873228325241081,1.126298517168685,-0.38853115557674206,-0.388531155576742,1.0845281137582579,1.0,44.0]|[16.683938943530638,21.92127000813966,1.8402410626198016,-0.6980535462655185,-0.6980535462655185,1.454336094622894,1.0,45.0]|[11.927942013169835,-9.927801149272907,0.6188184518516895,0.11135328860049633,0.1113532886004963,0.6599249631500277,2.0,101.0]|[23.740797054430672,-4.306586330761472,0.837494166887837,0.17809332522393984,0.1780933252239398,1.7869580477551241,2.0,102.0]|[29.862806457794495,10.339166192382836,1.2111945760440348,-0.661165689121617,-0.6611656891216171,2.891941529952328,2.0,103.0]|
6|[8.070481497965543,11.037075265015886,0.541763582671086,-0.058049404171134744,-0.05804940417113478,0.5048226756652149,1.0,43.0]|[14.084620536351231,15.140543240150475,1.0330425036094806,-0.32596250827137824,-0.32596250827137824,0.9858720422632116,1.0,44.0]|[11.331510191852171,21.831891894177627,1.6795203273591202,-0.40688657181453197,-0.406886571814532,1.1067792204572986,1.0,45.0]|[10.487117743784957,-10.301554738657014,0.5780945801411245,0.0954941941454234,0.09549419414542337,0.5815044374362274,2.0,101.0]|[22.947904423733817,-3.074909287794988,0.7704207833335037,0.12123206389071271,0.1212320638907127,1.6589254989541973,2.0,102.0]|[26.100617651603038,8.09962685407611,1.0553252788456042,-0.3967602035989694,-0.39676020359896946,2.210740086112923,2.0,103.0]|
5|[6.804115633467401,9.485030395889234,0.4274884962225484,0.002336287791681549,0.002336287791681588,0.4290693701967459,1.0,43.0]|[10.991735912403884,16.079782031815935,1.0150959695695778,-0.24934171455111756,-0.24934171455111753,0.8207783659952094,1.0,44.0]|[9.870430123314984,-9.19936958142231,0.5025434409989332,0.061855142282213796,0.0618551422822138,0.5112608916962178,2.0,101.0]|[20.80948845798608,-5.434715190641866,0.750434377186745,0.18153099727064156,0.18153099727064156,1.3981057753074577,2.0,102.0]|[27.087388953023318,6.408406714870173,0.9632301081237812,-0.34493057418994094,-0.3449305741899409,2.3395961195394688,2.0,103.0]|
5|[6.213048485643514,10.775018077491424,0.4631939600870093,-0.03511275171973024,-0.035112751719730224,0.4225460280751131,1.0,43.0]|[9.791243850125685,15.482324348552474,0.9260654933471162,-0.19382811059939573,-0.1938281105993958,0.742156052519593,1.0,44.0]|[8.636232200990198,-8.923406140341374,0.44659228625653663,0.03648718499543385,0.03648718499543386,0.444204771960745,2.0,101.0]|[19.495595796519282,-5.842341647505183,0.704712605842188,0.17671249562822092,0.17671249562822094,1.2414368738270596,2.0,102.0]|[24.5587757474551,6.286851405270147,0.9028732285138599,-0.28297534729340107,-0.28297534729340107,1.9358405571606534,2.0,103.0]|
4|[9.697568535962073,13.99065826204207,0.8033468138237325,-0.14745541305071808,-0.1474554130507181,0.6928213791174378,1.0,44.0]|[5.713291498981613,-9.796365994253145,0.39572962060311917,0.010584467671832043,0.01058446767183204,0.3837537485714473,2.0,101.0]|[16.040930936133954,-5.180650507787056,0.6275977727818455,0.08408744711835987,0.08408744711835985,0.860801822240826,2.0,102.0]|[22.824572919853303,5.658820147735826,0.8334861694568924,-0.22178635840511332,-0.2217863584051133,1.6730637934495638,2.0,103.0]|
2|[14.265032263876297,-6.0353475066973035,0.5797348708841145,0.07192249300113054,0.07192249300113053,0.7193000429632114,2.0,102.0]|[22.50958365053779,4.144323150776655,0.755624264187957,-0.16227908879277925,-0.16227908879277925,1.607153286027226,2.0,103.0]|
2|[13.869212295963163,-4.68313914842639,0.5168168870308495,0.05160213421363614,0.05160213421363614,0.6522134587656998,2.0,102.0]|[20.103787663456107,3.432520674588031,0.6902875262417638,-0.10406979194597558,-0.1040697919459756,1.2820406888278317,2.0,103.0]|
3|[10.307429420509209,-6.404421466661604,0.4545074088677068,0.0035249943820195814,0.0035249943820196135,0.45799039819139226,2.0,102.0]|[17.21164591857842,2.5732621656476433,0.6264661998519158,-0.047837255184291695,-0.047837255184291674,0.9392807749267438,2.0,103.0]|[23.58154582432559,15.245504620146313,1.406282563537979,-0.6838652956531058,-0.6838652956531058,2.0219564633552567,2.0,104.0]|
3|[9.781741409680025,-8.88987908215568,0.47154323927868097,0.0676400713929919,0.06764007139299193,0.48449628376377146,2.0,102.0]|[17.462099551830626,2.0913810343538226,0.5722341165796395,-0.047225518722966986,-0.04722551872296697,0.9608900978493806,2.0,103.0]|[21.85984693593351,15.745646051648928,1.381619938205805,-0.638479360168766,-0.638479360168766,1.8081309527587939,2.0,104.0]|
3|[6.903343501939143,-8.410288854904755,0.37204505700176976,-0.0025388050018454573,-0.0025388050018454664,0.3730541580781248,2.0,102.0]|[15.616294568853299,-0.7010376222648315,0.5152415206999864,0.011149855892726442,0.011149855892726442,0.7631148674955763,2.0,103.0]|[23.404301156502836,15.15620311612211,1.336750735052009,-0.7076885847410311,-0.707688584741031,1.9712813998115861,2.0,104.0]|
2|[13.799400986039432,-2.9468105200233072,0.4711999399900994,0.03224587721362124,0.032245877213621224,0.6153157863244965,2.0,103.0]|[23.72151574761402,8.943584644181499,0.9800921300574238,-0.3876988559758466,-0.3876988559758465,1.862233311007756,2.0,104.0]|
4|[12.341624714728663,16.082576305081297,1.0550744035989328,-0.29864094171964134,-0.2986409417196414,0.8950848068717742,1.0,45.0]|[14.649135950852722,23.907700937120428,2.0398002631206675,-0.6804968947098543,-0.6804968947098544,1.3461805922380892,1.0,46.0]|[11.791028085655862,-4.096010589056186,0.4237047369293212,0.02194824465603267,0.021948244656032657,0.47926184260489624,2.0,103.0]|[22.44403446778406,7.040500197204238,0.8718779282437095,-0.26888761159457636,-0.26888761159457636,1.6447026544168208,2.0,104.0]|
5|[6.746355912890186,8.866909519650727,0.3953199668573811,0.009728488176529274,0.00972848817652928,0.400704484794709,1.0,44.0]|[12.394577282663167,15.664952680619303,1.0114872897515557,-0.29753982719745625,-0.29753982719745625,0.8708623665914369,1.0,45.0]|[13.226004447706629,21.925935255165246,1.7427415454389676,-0.5076359521196387,-0.5076359521196387,1.2074003383518768,1.0,46.0]|[9.015869111146163,-5.467849878096603,0.3649308485973778,-0.010605713747364352,-0.010605713747364373,0.3538752623709782,2.0,103.0]|[22.148892038353342,3.7451036206528188,0.7621186410882749,-0.1377613362472618,-0.1377613362472618,1.5535582921163942,2.0,104.0]|
5|[6.987174199710005,9.320594749482135,0.40857638630899923,-0.020625817840397496,-0.02062581784039747,0.3965245409846694,1.0,44.0]|[12.69268746648206,12.622161158581903,0.8000511709146594,-0.2001402188748565,-0.20014021887485645,0.8022815236164638,1.0,45.0]|[17.877192083490392,19.017873885257888,1.5376322770050177,-0.6290498339743175,-0.6290498339743174,1.4597647133404232,1.0,46.0]|[6.261281260655305,-7.036341293635872,0.30143222294187744,-0.02720168189879438,-0.027201681898794374,0.30779570746462115,2.0,103.0]|[21.29336240207616,-0.28507431166516656,0.6881783876805482,0.009759206001392434,0.009759206001392432,1.4170026102138902,2.0,104.0]|
4|[5.409537765803294,9.168190298398596,0.3538762784775901,-0.00040743251800198505,-0.0004074325180020094,0.35342615264708455,1.0,44.0]|[11.952295639344745,11.693975834087064,0.7152717100194921,-0.15506173178792226,-0.15506173178792226,0.7220483043326634,1.0,45.0]|[18.818990970162446,17.0724359834149,1.367176202240905,-0.5900084062843312,-0.5900084062843312,1.4822931751123571,1.0,46.0]|[19.241172808175484,0.5607107476716127,0.6362652148050483,-0.015201452277346135,-0.015201452277346136,1.15747045836762,2.0,104.0]|
3|[11.218710841877181,9.692505189395748,0.5936739523786527,-0.08052529849386493,-0.0805252984938649,0.6173084128761659,1.0,45.0]|[15.48409808567828,17.065810888952996,1.268015566854519,-0.43131052101719375,-0.4313105210171938,1.1839816477998821,1.0,46.0]|[16.055884179706993,-2.8691379488164963,0.5906256365798639,0.04300996192212941,0.0430099619221294,0.8236264548593794,2.0,104.0]|
3|[11.664293300877416,9.47651220327359,0.5720850498090058,-0.10863781759899442,-0.10863781759899441,0.6175419138273945,1.0,45.0]|[17.698303223975216,13.6797365805808,1.0553443537069618,-0.39286738680945854,-0.3928673868094585,1.2599575297096757,1.0,46.0]|[14.25952923699743,-4.01332893028479,0.541744230357507,0.04052861829045159,0.04052861829045158,0.6743374081638377,2.0,104.0]|
5|[10.052487653443388,9.020216745051451,0.5002225276536205,-0.06265265550957429,-0.0626526555095743,0.5138261612968701,1.0,45.0]|[15.973367300737753,14.192052683236172,1.026270710512411,-0.3558100548836294,-0.3558100548836294,1.1106093385325435,1.0,46.0]|[23.554060190659296,20.287951810866936,1.8583594076140142,-1.0005144309184526,-1.0005144309184528,2.1581654906626055,1.0,47.0]|[13.526180178070872,-5.657977454511053,0.5077739100278126,0.06860066260908365,0.06860066260908368,0.643077775785301,2.0,104.0]|[26.553381286778965,0.5152580275727354,0.9473179478413609,-0.02438896523475264,-0.024388965234752636,2.2037091309934427,2.0,105.0]|
5|[8.56989400995243,9.004760769833005,0.4462804912643851,-0.03847373195203447,-0.0384737319520345,0.4424701866185504,1.0,45.0]|[13.600964131981558,13.392609248227483,0.9001572626606923,-0.2347637359821314,-0.23476373598213135,0.9074059636189477,1.0,46.0]|[21.02600620557561,20.17231519490684,1.7707183775120043,-0.8465919781890938,-0.8465919781890938,1.840919142547512,1.0,47.0]|[11.246236982269448,-5.235734343106824,0.4392549480786884,0.01938913511282982,0.019389135112829827,0.47187566864028857,2.0,104.0]|[26.333635736497612,2.0724790221451306,0.9015510505096056,-0.10065101424770223,-0.10065101424770223,2.172536354182222,2.0,105.0]|
5|[7.090226678976451,8.5746122371054,0.37998024761597793,-0.008314319857907792,-0.008314319857907794,0.37680026480598916,1.0,45.0]|[15.185614838070938,10.593161933790665,0.7733956262370413,-0.20780633601015053,-0.20780633601015056,0.9263309513014005,1.0,46.0]|[21.445222437702594,18.158342840293862,1.5665208151549774,-0.7629209521629705,-0.7629209521629706,1.8215505712721023,1.0,47.0]|[9.501464057846539,-6.136940745707787,0.3889994023331814,0.006980474300165814,0.0069804743001657945,0.3952982117074408,2.0,104.0]|[24.474156878179254,0.380241339309639,0.8413272395592664,-0.016016927758723345,-0.016016927758723345,1.872004708288184,2.0,105.0]|
5|[4.934646141140809,7.651781341105962,0.28187225778461056,0.03537221562203123,0.035372215622031196,0.3139096696195179,1.0,45.0]|[12.465360836574767,11.7013987249233,0.7407018411070795,-0.1621614074746639,-0.16216140747466395,0.7612274057978496,1.0,46.0]|[21.087930864817576,17.89826910675351,1.5141268188006813,-0.7440263529031356,-0.7440263529031357,1.7592581666351417,1.0,47.0]|[7.680182118334354,-5.8983556594655395,0.32429005274829287,-0.02399567999989889,-0.023995679999898892,0.31147415612568385,2.0,104.0]|[23.70851261090343,-1.908219945601601,0.7954377469741374,0.07827015387462068,0.07827015387462066,1.7615987542669385,2.0,105.0]|
5|[4.900867732461402,6.352275150118552,0.24065163393643624,0.05119584952021598,0.05119584952021598,0.2675109928317384,1.0,45.0]|[11.73521510501158,11.960661603080295,0.716416733487651,-0.16407925794736572,-0.16407925794736575,0.7101718591952028,1.0,46.0]|[18.859903489048058,15.881225117712363,1.2824662129627395,-0.5197427169882098,-0.5197427169882098,1.4620356740556932,1.0,47.0]|[6.073204597059597,-6.808512601565768,0.28054236929171134,-0.022894380094852087,-0.022894380094852045,0.285786841463301,2.0,104.0]|[22.251788819020547,-3.6360440804715575,0.7599087796999423,0.13541413342495234,0.13541413342495237,1.5664861581908616,2.0,105.0]|
3|[9.432203759842206,10.090394370732819,0.5563166889839405,-0.04265318572900425,-0.04265318572900431,0.5505580552558852,1.0,46.0]|[16.215206955191203,17.31063406995775,1.3136119012355085,-0.47448792149352964,-0.4744879214935297,1.2515317369290226,1.0,47.0]|[18.612886109751425,-3.2232752390223705,0.6994753931177349,0.07197141847911827,0.0719714184791183,1.102612601157711,2.0,105.0]|
3|[10.399210184475445,8.948606627769946,0.5221240942924703,-0.05684456521428245,-0.05684456521428243,0.5392681622836549,1.0,46.0]|[16.1992436063555,17.53373465392903,1.3150565720308403,-0.5040569216789591,-0.504056921678959,1.2351687157164284,1.0,47.0]|[18.127581476530338,-3.9276634310920477,0.6565192809724156,0.09069247509316251,0.09069247509316256,1.0554475806811996,2.0,105.0]|
4|[8.705114547142575,8.636915614151826,0.45337718980889974,-0.016410022638205332,-0.01641002263820536,0.4536353287538665,1.0,46.0]|[15.949870387805548,14.693983798693543,1.0707378553933249,-0.367552055558939,-0.367552055558939,1.131093230175093,1.0,47.0]|[16.739674761202767,-6.626666030617428,0.6450808304785505,0.14560358621089656,0.14560358621089656,0.9552517381953227,2.0,105.0]|[30.755892492081692,2.6206077540569845,1.0112091891238746,-0.1675358305854539,-0.16753583058545388,2.963162645790376,2.0,106.0]|
4|[8.141323329383882,8.534928670551349,0.4195590901412826,-0.015939561786802205,-0.015939561786802246,0.4180533816101154,1.0,46.0]|[13.419331157171946,13.179224355556837,0.8966386217614305,-0.20514209556413537,-0.20514209556413537,0.9040465468289782,1.0,47.0]|[14.473707494509947,-5.620056214587509,0.5669835571069031,0.07236269938609793,0.07236269938609793,0.7252460532933585,2.0,105.0]|[27.329180644469467,-0.07075887447014398,0.9453950068035915,0.0035952776726595114,0.0035952776726595114,2.333988805803859,2.0,106.0]|
4|[6.384227772604646,8.877574936877973,0.37278383413186417,-0.0012050715911130197,-0.0012050715911130076,0.37197474062550345,1.0,46.0]|[13.651983834453365,14.485363267578558,0.9655766992433028,-0.2891767846708608,-0.28917678467086083,0.9312869590489303,1.0,47.0]|[13.444496000978795,-7.283603120657205,0.5458022869719064,0.10013225527493097,0.10013225527493097,0.6763851940578077,2.0,105.0]|[27.44558917053181,-0.850484713066057,0.8951032024227733,0.04527552915036526,0.04527552915036526,2.3547653502739134,2.0,106.0]|
4|[5.510043176637621,8.187195704672819,0.3162809105337186,0.017739451195466806,0.017739451195466813,0.3307006080931312,1.0,46.0]|[13.26177594391141,14.614224167692996,0.948762614983551,-0.2956103152639997,-0.2956103152639997,0.8912592527048999,1.0,47.0]|[11.060662402169426,-6.636164006204474,0.46559790492614744,0.032592784009760824,0.032592784009760824,0.5003661398910726,2.0,105.0]|[25.073056440757192,-2.7679015380838816,0.8557932815332119,0.1250403656108744,0.12504036561087437,1.9746687140736923,2.0,106.0]|
4|[10.83330190135732,12.435100966311927,0.7369713349458815,-0.1297001442514197,-0.12970014425141965,0.7010869995324426,1.0,47.0]|[19.32675337534007,22.140167437070012,1.9577948465138457,-0.8491717060943018,-0.8491717060943017,1.7262734407480258,1.0,48.0]|[9.389424474405304,-8.346026345942159,0.4428955560428346,0.044690463199402314,0.0446904631994023,0.4534488592840702,2.0,105.0]|[22.662454131442338,-2.68877963273027,0.8020052578568689,0.09794411266188,0.09794411266187998,1.6159093953741694,2.0,106.0]|
4|[10.534650896158515,13.504312481928837,0.7795471487031285,-0.17580551210891904,-0.175805512108919,0.691328061955675,1.0,47.0]|[21.444711549835063,19.871788607717352,1.745906666675698,-0.8573338815336516,-0.8573338815336516,1.876651276323955,1.0,48.0]|[7.988341224929309,-7.646265853152774,0.37270793581009076,0.00900598600847344,0.009005986008473405,0.37349649454207223,2.0,105.0]|[22.158486202751952,-4.875373810330243,0.7791942021150512,0.1824944888837435,0.18249448888374345,1.5684754070021145,2.0,106.0]|
4|[9.069446777572681,13.045866485348936,0.7017607367443421,-0.12533666649406092,-0.12533666649406094,0.6086049738481438,1.0,47.0]|[18.440206308945736,22.434228171237798,1.942866926520157,-0.8425188907209049,-0.8425188907209049,1.6103873797945762,1.0,48.0]|[5.2744881897844165,-7.276869261710733,0.27926123677011355,-0.0370414598628457,-0.037041459862845696,0.3035162003821593,2.0,105.0]|[20.642185113215874,-4.365033027601955,0.7182392471867057,0.14228136844442574,0.1422813684444258,1.3609989405834455,2.0,106.0]|
3|[9.436136680540871,12.80319984550115,0.6847932763223809,-0.143422744752055,-0.143422744752055,0.5958980638104961,1.0,47.0]|[17.187351137393474,18.91589593989458,1.518014330261416,-0.5758841949318129,-0.5758841949318129,1.4074726153668224,1.0,48.0]|[18.402866450156413,-6.660489401242661,0.7027059048972434,0.17887859782717078,0.17887859782717075,1.132204757264793,2.0,106.0]|
4|[7.600655808902693,10.531402479673996,0.5043487625761226,-0.03155080814522522,-0.03155080814522521,0.4834028832170444,1.0,47.0]|[16.922164136219415,20.504677116900236,1.658433525689412,-0.6667919654859052,-0.6667919654859052,1.4007702831389093,1.0,48.0]|[16.365764374189315,-5.641554020428283,0.625728812512348,0.10710809363159883,0.10710809363159884,0.899520144817948,2.0,106.0]|[29.703303951843584,0.3863396326334436,0.9681874840323814,-0.023273887576866,-0.023273887576866003,2.757272392198913,2.0,107.0]|
4|[6.5720515641801445,11.672899388615171,0.5300491809259974,-0.054562913846959354,-0.05456291384695935,0.4638575749895605,1.0,47.0]|[15.732476582060855,16.253734178202343,1.2205786749259018,-0.39098533163084437,-0.3909853316308443,1.1950854129362551,1.0,48.0]|[14.764569715370595,-6.939399969578535,0.5937033754392976,0.11185973301581224,0.11185973301581223,0.7791265469562835,2.0,106.0]|[27.171567276567394,-0.9415675852641211,0.9173284670366282,0.04825665776360094,0.04825665776360094,2.3082371314922345,2.0,107.0]|
3|[17.041786058353978,16.404887052404344,1.2472627922829647,-0.48255122178874144,-0.48255122178874144,1.284031516631922,1.0,48.0]|[12.697355745873145,-8.238039249108873,0.5608708861562478,0.10057704924170668,0.10057704924170667,0.6506367474361565,2.0,106.0]|[25.79610501250403,-1.7049756568619154,0.8686399731928591,0.08062936958910605,0.08062936958910605,2.0832248377440012,2.0,107.0]|
3|[17.085135315146182,15.582942339001843,1.1676297532201456,-0.45912042340281434,-0.45912042340281434,1.2522565752182242,1.0,48.0]|[10.237351245928023,-7.83222639328754,0.47757601553000173,0.03184731497464038,0.031847314974640384,0.4948377969845495,2.0,106.0]|[23.672895319483448,-0.11571966320686636,0.8110928066186661,0.004595932858580976,0.004595932858580975,1.7512652428445092,2.0,107.0]|
3|[14.72660086356695,16.00697703408054,1.1284943875379374,-0.3803340320587407,-0.38033403205874067,1.0650045735781677,1.0,48.0]|[8.8074043632762,-9.593869006396206,0.47748280452169867,0.05724245677919729,0.05724245677919729,0.4676787972495229,2.0,106.0]|[22.856540137065068,-4.190129200649333,0.7893683296951106,0.1646318981609518,0.16463189816095178,1.6572303729586721,2.0,107.0]|
3|[12.211455710357113,15.707217537172655,1.0276901707237163,-0.269193299792426,-0.269193299792426,0.8907174253765296,1.0,48.0]|[5.9134857108641015,-9.758336587610957,0.4004193948043909,0.010615551454469222,0.010615551454469196,0.3893347389784211,2.0,106.0]|[20.128815888242627,-3.679212933942554,0.7273731452809991,0.1062091247177246,0.10620912471772462,1.2890254410168753,2.0,107.0]|
2|[14.086349025564825,15.273542251336044,1.0268004543762344,-0.34942456747131495,-0.349424567471315,0.9701907256842618,1.0,48.0]|[18.154335651847706,-8.907529849572926,0.7780731560573357,0.24522862262207704,0.245228622622077,1.1575479901796417,2.0,107.0]|
2|[10.608461578338295,13.66266399613399,0.8144868675938626,-0.15522505458875294,-0.15522505458875294,0.7350976065826819,1.0,48.0]|[18.025767830356735,-7.250485126093339,0.6884835183048327,0.19756755428574804,0.19756755428574804,1.1001980073190092,2.0,107.0]|
2|[11.204291211233345,13.804502578730924,0.8263881179160103,-0.19887241272763453,-0.19887241272763445,0.7427756984707028,1.0,48.0]|[14.959524434416489,-9.158632159299527,0.6711568597498446,0.1777252664710224,0.17772526647102244,0.8526414189931089,2.0,107.0]|
2|[10.991745043796257,12.752767387768449,0.7419601241178143,-0.166855349473805,-0.16685534947380498,0.6921867396057942,1.0,48.0]|[12.540528288948645,-8.629826931377144,0.5845414100439552,0.09608900181559205,0.09608900181559202,0.6580500793260827,2.0,107.0]|
4|[9.929497428760524,11.565106736407685,0.6368948695751503,-0.10386858297077693,-0.1038685829707769,0.6050956604478515,1.0,48.0]|[25.201497739757038,15.43296839502066,1.46563347377813,-0.773665371314911,-0.7736653713149109,2.255222463197262,1.0,49.0]|[11.80781258496559,-9.64797927950981,0.5774435168083961,0.12185534211931856,0.12185534211931859,0.6270117616590369,2.0,107.0]|[28.48795368084211,-1.860194006615776,0.9703671757117138,0.10294481860612169,0.10294481860612166,2.540194249715747,2.0,108.0]|
4|[8.73117759426311,12.589624623144275,0.6526376873897773,-0.11663745909962982,-0.11663745909962983,0.5653468759220152,1.0,48.0]|[23.161980400430142,15.711259334944003,1.4212154607420322,-0.6963853099645533,-0.6963853099645534,1.9754734421779658,1.0,49.0]|[9.622604910634927,-9.488106563535133,0.5052100421540647,0.06455089878270893,0.0645508987827089,0.5070273306948455,2.0,107.0]|[26.433153507610154,-6.591471961458542,0.9951727304100059,0.33016873116774514,0.33016873116774514,2.236884877572996,2.0,108.0]|
4|[7.325867670590317,13.158328876153082,0.6486270369113541,-0.1080289337218567,-0.1080289337218567,0.5147361322173084,1.0,48.0]|[23.870329620629498,13.605459635991515,1.2616907812379539,-0.6254575708724144,-0.6254575708724143,2.002541080178112,1.0,49.0]|[7.410731933056277,-10.073870096314321,0.46127375524842823,0.03734919632424872,0.037349196324248726,0.4379781895654661,2.0,107.0]|[25.908581957970235,-5.942239509545386,0.9297366326760631,0.2931718123890401,0.2931718123890401,2.1407461852299727,2.0,108.0]|
2|[20.97660329673571,15.169031828423217,1.2844886075235602,-0.5854553175217385,-0.5854553175217385,1.6707231843920347,1.0,49.0]|[22.38710414506264,-8.208155611728381,0.9269895231376819,0.31154901135374796,0.311549011353748,1.662486763242235,2.0,108.0]|
2|[20.763485734027153,12.153590640112437,1.0699963015047735,-0.43246318388721355,-0.43246318388721355,1.5556910282418401,1.0,49.0]|[21.852978585169986,-11.259087892256623,0.9997287689261137,0.45789946337236553,0.45789946337236564,1.6525556937534234,2.0,108.0]|
2|[20.27420448558603,11.627848584989374,1.0039504774093415,-0.40322502877094746,-0.40322502877094757,1.4757484087867905,1.0,49.0]|[18.536498341064764,-8.525376096671183,0.8179880091138295,0.22208888593239642,0.22208888593239645,1.1987260063620142,2.0,108.0]|
2|[17.062486481474558,11.391392256327084,0.9097003793762171,-0.27077039723362656,-0.2707703972336266,1.1344973190009993,1.0,49.0]|[19.229572389319177,-10.443086369993711,0.8575020458600533,0.34693557311712236,0.34693557311712236,1.3079265616490918,2.0,108.0]|
2|[17.561997133419403,11.347615651800853,0.8862962613492584,-0.3100928311453301,-0.31009283114533004,1.165842331334648,1.0,49.0]|[15.372790581037938,-11.214278457418102,0.8001340422430173,0.24172323239866111,0.24172323239866106,0.9551594140921886,2.0,108.0]|
2|[15.499363502977484,11.687744284952458,0.8374106049794371,-0.2565219650593779,-0.2565219650593779,0.9841519549781398,1.0,49.0]|[15.485221308437039,-10.950089344504752,0.7615249836894896,0.256343729608434,0.256343729608434,0.9427682860077351,2.0,108.0]|
2|[14.012221238171795,10.879431697901909,0.7462390489450934,-0.18416736640420242,-0.18416736640420242,0.8404463233672883,1.0,49.0]|[12.192981116991401,-9.063084621833983,0.6037462937390387,0.08735318604062492,0.087353186040625,0.6563365968305173,2.0,108.0]|
2|[13.50955783393848,11.752176171301686,0.7526467691430573,-0.21685545337489204,-0.2168554533748921,0.8132841128742221,1.0,49.0]|[10.912344103919285,-10.842906922061944,0.6189633042320897,0.11978461350782642,0.11978461350782643,0.6204926068754109,2.0,108.0]|
2|[10.950357944697558,11.636789520798184,0.6704549505312551,-0.1354137327586185,-0.13541373275861848,0.6539786442947421,1.0,49.0]|[8.002549989251156,-10.030760484283082,0.4949719542217557,0.024535385169597492,0.024535385169597475,0.48379253841582087,2.0,108.0]|
4|[11.198540692556438,10.384314950865127,0.6011404225061825,-0.11844222382440264,-0.11844222382440266,0.6190391024942304,1.0,49.0]|[27.113238159221282,12.094922443687986,1.28199238844568,-0.6568186445209364,-0.6568186445209363,2.4613857902320992,1.0,50.0]|[7.045954290859752,-9.993337567073626,0.45565172920396996,0.01640702723646216,0.016407027236462195,0.4439495248851815,2.0,108.0]|[28.132018209924915,-7.532835581624104,1.0737353535239773,0.4221918585310765,0.4221918585310765,2.537397738901114,2.0,109.0]|
3|[6.192672700226915,10.113418618849106,0.44473338804303403,0.008604964172890367,0.008604964172890374,0.45351737181189333,1.0,49.0]|[24.29123374058821,13.53084484941224,1.2913404949398575,-0.6264952706689799,-0.62649527066898,2.067081359443809,1.0,50.0]|[25.542758698755815,-9.394272699627619,1.0786523253340445,0.4545681488672469,0.45456814886724684,2.1474262507066157,2.0,109.0]|
3|[4.7065118174414176,11.802584824630452,0.49425332954943085,-0.025775335940801378,-0.02577533594080138,0.43989458280948396,1.0,49.0]|[25.58408898439028,12.194082846737583,1.1948501759792791,-0.6268825857868338,-0.6268825857868338,2.2113067316172224,1.0,50.0]|[24.9934332500215,-7.398621958712487,0.9643079646390824,0.3430383532680049,0.3430383532680049,2.02158558982048,2.0,109.0]|
2|[23.00033923338026,12.137886358480316,1.125339396171339,-0.521503319212966,-0.5215033192129659,1.8383360643887405,1.0,50.0]|[21.887922314470696,-10.388244138319537,1.0020960189981891,0.3949924441502824,0.3949924441502824,1.6468733124722739,2.0,109.0]|
2|[20.953231830999588,13.205137060288873,1.120819668003714,-0.501700653984579,-0.5017006539845789,1.600710865933712,1.0,50.0]|[22.442164083829688,-10.813385815754836,0.9880076296240692,0.45835842347890166,0.4583584234789018,1.7184349489026067,2.0,109.0]|
2|[20.189778217159155,11.629552276423258,0.9930588036518766,-0.4051663031511709,-0.4051663031511709,1.463077399205854,1.0,50.0]|[20.23202194780246,-10.096311588746191,0.8953535265570344,0.35048869870132104,0.35048869870132093,1.4227955459373525,2.0,109.0]|
2|[18.697937307179263,9.212085882698926,0.8408282049251494,-0.2546608327112962,-0.25466083271129625,1.232251792200328,1.0,50.0]|[18.29164826541851,-9.789242078977532,0.8239099815463423,0.27888808048805175,0.27888808048805175,1.1957710951393044,2.0,109.0]|
2|[17.857311194822543,11.04080605232886,0.8669687492212995,-0.31560690013161763,-0.3156069001316177,1.1822956026796083,1.0,50.0]|[17.357044733646664,-11.57894840295351,0.8549251867427551,0.33721532267009846,0.3372153226700984,1.1354592289794847,2.0,109.0]|
2|[15.333277852672037,11.544695984174703,0.8181087490837269,-0.2507917469230347,-0.2507917469230347,0.9623763924547739,1.0,50.0]|[15.003229608927569,-10.550756748056465,0.7403944253313193,0.21862784678924443,0.21862784678924443,0.8975381530215222,2.0,109.0]|
2|[13.788176925541125,9.654988128226952,0.6858069318517338,-0.13976443441090164,-0.13976443441090172,0.7875347122284373,1.0,50.0]|[13.295018005561175,-10.331977990467943,0.6734004576088235,0.1651779397554892,0.16517793975548925,0.7575837034899753,2.0,109.0]|
2|[12.97898248592706,10.322546892568997,0.6687125091122338,-0.15165256994695794,-0.15165256994695792,0.7387782922889532,1.0,50.0]|[11.316602734570388,-10.058311503681633,0.5985911209684605,0.10466568545769994,0.10466568545769996,0.6233225220676885,2.0,109.0]|
3|[11.987904987349513,10.012311535121112,0.6137804660572045,-0.12408823691322819,-0.12408823691322828,0.6587147164133009,1.0,50.0]|[25.44567932741786,13.656056283214697,1.3499451814451746,-0.674159470404653,-0.6741594704046528,2.2443193475370946,1.0,51.0]|[9.248921060104337,-10.050259372535434,0.530606840408038,0.056891227275819856,0.05689122727581984,0.5211415981616914,2.0,109.0]|
4|[9.979942667616626,9.570425968619858,0.5334337273383513,-0.061406870182192895,-0.061406870182192895,0.5385810834425586,1.0,50.0]|[24.677078811622735,11.339613515353179,1.1783928700721964,-0.5176059178781217,-0.5176059178781218,2.0669479628614433,1.0,51.0]|[8.644177594404123,-8.993146182165944,0.4618274560765777,0.025396977119030245,0.02539697711903025,0.4598166707035113,2.0,109.0]|[25.224670195893665,-11.033388560533707,1.19223195839834,0.5146278544697183,0.5146278544697183,2.14367993466774,2.0,110.0]|
4|[8.356760743415228,9.766470096164905,0.4848607357137232,-0.036747299341782884,-0.036747299341782884,0.4733576319492308,1.0,50.0]|[25.831851779203177,10.996051051423423,1.1340656212610785,-0.5657346360044626,-0.5657346360044626,2.2222649677683743,1.0,51.0]|[5.514605508737272,-11.06735931294736,0.4635723677165087,0.02854945520703938,0.02854945520703937,0.4205014849756191,2.0,109.0]|[26.955027660967378,-8.114904470536839,1.0474379740851936,0.4301628032959533,0.43016280329595324,2.3467944756955696,2.0,110.0]|
3|[6.614382624029733,11.22812872583071,0.500360538778133,-0.05147421417587746,-0.051474214175877483,0.4433043575249795,1.0,50.0]|[23.20465294012657,11.320268283995185,1.0840746347251657,-0.48737494679411636,-0.4873749467941165,1.845348289046439,1.0,51.0]|[25.000869706410374,-9.91587006080755,1.0582700745138836,0.47682783938298556,0.4768278393829856,2.071375521118594,2.0,110.0]|
2|[22.156856490296907,10.273594934168159,0.9881194897415497,-0.406103133969751,-0.4061031339697509,1.6756538511015762,1.0,51.0]|[23.232960358165883,-9.790524640747277,0.9966052709935248,0.41706468364966204,0.41706468364966204,1.8105478558917072,2.0,110.0]|
2|[19.765418465634525,9.616119826470197,0.8985438967018794,-0.2973824719258166,-0.2973824719258166,1.3651173754031942,1.0,51.0]|[21.405264744917535,-11.755301932986267,1.0258189158451707,0.4601128221312323,0.4601128221312322,1.6109558707893272,2.0,110.0]|
2|[16.935087849171452,10.499034240145589,0.8563013032277262,-0.2383064867779556,-0.23830648677795555,1.092953084720616,1.0,51.0]|[18.53266990465853,-9.566071286873242,0.859320823189551,0.2580564515307243,0.2580564515307243,1.226060342456651,2.0,110.0]|
2|[15.104481657810897,12.214255681549846,0.8677134965142157,-0.2518447212815113,-0.2518447212815114,0.9754970361806016,1.0,51.0]|[17.039389161160965,-9.99202341269992,0.8179607890710855,0.23534870154934406,0.23534870154934406,1.0812905193089233,2.0,110.0]|
2|[14.980719449766186,10.342959761075004,0.7545259845562501,-0.19406388668677133,-0.1940638866867713,0.9016224590478965,1.0,51.0]|[15.77878433118772,-11.18714877119503,0.8135495770470474,0.2520971401166684,0.2520971401166684,0.9903803432084367,2.0,110.0]|
2|[12.90598270417904,11.92607951540758,0.7563709198214432,-0.19276480294891501,-0.192764802948915,0.7868453025817197,1.0,51.0]|[13.824695295785256,-8.529276326527835,0.6553528034709354,0.10440963123288297,0.10440963123288304,0.7601688636251761,2.0,110.0]|
2|[12.684173087556154,10.654192834032214,0.6698505371178177,-0.1576087764086521,-0.15760877640865206,0.7251040561451157,1.0,51.0]|[11.573692364504733,-11.326059374464236,0.681109542832938,0.135388331140817,0.13538833114081703,0.6869664689046995,2.0,110.0]|
2|[11.632976737773195,10.502899577522504,0.6194063891984474,-0.1338026658354714,-0.13380266583547143,0.6468012760265816,1.0,51.0]|[11.99740527203273,-8.953714035743428,0.5769553096399151,0.0920708766142982,0.09207087661429827,0.6316115245884035,2.0,110.0]|
3|[8.25592686532393,8.889357804109036,0.46096235231279814,0.0011065312807137656,0.001106531280713797,0.46112609859313086,1.0,51.0]|[26.99693971727015,11.303475830960075,1.213283145445269,-0.6127879168214874,-0.6127879168214874,2.4202794616224983,1.0,52.0]|[11.24887518945635,-8.969926038156531,0.538931301050491,0.0860602311134065,0.08606023111340651,0.578231485230197,2.0,110.0]|
3|[7.2951783611007865,10.637755030229583,0.4907718659960209,-0.04252580987778129,-0.04252580987778123,0.4579245864462383,1.0,51.0]|[26.795997554116816,7.985219887527576,1.0335638140672332,-0.42003038015117394,-0.42003038015117394,2.3178902560258403,1.0,52.0]|[8.990411529840912,-8.554110911838539,0.45720692869319357,0.022871240409489322,0.022871240409489336,0.4594834024584125,2.0,110.0]|
4|[6.192571479568465,9.867161610584647,0.41705821890208433,-0.01119564713386723,-0.011195647133867255,0.40624554364986365,1.0,51.0]|[22.876301931886967,8.91930351989016,0.9954784793389485,-0.3464174887306906,-0.34641748873069067,1.7489072051355627,1.0,52.0]|[5.878221519690404,-9.468913501323376,0.3926956066492975,-0.007301164132752087,-0.007301164132752065,0.399924161483937,2.0,110.0]|[28.43659674103924,-10.178336445816878,1.2000320913353135,0.5908280454071612,0.5908280454071613,2.639232794219783,2.0,111.0]|
2|[21.018582671141274,11.126727501600026,1.0217903862118618,-0.3947233779756194,-0.3947233779756195,1.5584727687798074,1.0,52.0]|[27.4391320001783,-8.129617121386543,1.0700183865625206,0.4412509381181371,0.44125093811813704,2.428598132587975,2.0,111.0]|
2|[21.852671060500644,9.38243403401533,0.9216427657430701,-0.36311733543345526,-0.36311733543345537,1.611476795665959,1.0,52.0]|[23.656450284905574,-11.52279108762674,1.1345398231961072,0.5013065721516948,0.5013065721516948,1.9195483869281034,2.0,111.0]|
2|[19.89683732050579,9.679348573909994,0.8743681916376963,-0.31890029306834417,-0.3189002930683442,1.3747610174522773,1.0,52.0]|[22.993943003204862,-10.334887411903123,1.034126786063155,0.4278344345794037,0.4278344345794036,1.7937144735614967,2.0,111.0]|
2|[17.779224780850477,10.45907658145291,0.8421473255921802,-0.28678494307059393,-0.286784943070594,1.160940214105789,1.0,52.0]|[21.26268482987557,-10.960322495375289,1.0025306896418753,0.4049890363262939,0.40498903632629385,1.5794362456768218,2.0,111.0]|
2|[15.589311151933073,9.181285074939062,0.7300816363812129,-0.17243687945402927,-0.17243687945402927,0.9213136014911818,1.0,52.0]|[19.94267697769518,-8.294833336992916,0.8512046653090053,0.2523198136906159,0.2523198136906159,1.3528908835274267,2.0,111.0]|
2|[15.657081638287448,9.284447454648381,0.7019513926044255,-0.19775454577202706,-0.19775454577202714,0.918174279135219,1.0,52.0]|[18.34471609108774,-9.702978866451325,0.840710776296359,0.2671787774171755,0.2671787774171755,1.204528715592194,2.0,111.0]|
2|[13.167419280068913,10.604620757975072,0.6802901144565834,-0.1714990142627474,-0.17149901426274744,0.7551151168629698,1.0,52.0]|[19.16497918901521,-10.096465387924816,0.8299390574006601,0.3352679989008306,0.33526799890083064,1.2897150284769439,2.0,111.0]|
2|[10.808469169516137,9.286767397037956,0.557909996424788,-0.0658726000710862,-0.0658726000710862,0.5779777481534927,1.0,52.0]|[15.614392050609233,-8.882438341130728,0.7060485974206615,0.1720225197631948,0.1720225197631948,0.9105889687990825,2.0,111.0]|
2|[10.764912427031907,9.840265420890335,0.5545814390372805,-0.10068109983722369,-0.10068109983722366,0.5726899596734836,1.0,52.0]|[13.326690263033704,-11.123992225851614,0.7192434562613053,0.18567732286952493,0.18567732286952496,0.7866996505738443,2.0,111.0]|
3|[8.840693532339854,9.987782484896286,0.4990774483143781,-0.06427775274314092,-0.06427775274314093,0.48335509542090466,1.0,52.0]|[27.59411883624893,8.415036493191211,1.1084600213417497,-0.45508270287791647,-0.4550827028779166,2.46196093350098,1.0,53.0]|[13.049643810703612,-10.190199186809235,0.6486477736066633,0.16242904925132912,0.16242904925132906,0.7298180923554435,2.0,111.0]|
3|[7.668106865341283,9.816655035311651,0.4503702170103194,-0.044191011279445774,-0.04419101127944576,0.42831623219469156,1.0,52.0]|[25.887776147691213,9.724275421219446,1.1024749305816168,-0.4835516357246368,-0.4835516357246367,2.208139217141018,1.0,53.0]|[12.138299968483608,-9.9792285239776,0.5983648746034975,0.1424421799929435,0.14244217999294348,0.6545197395048385,2.0,111.0]|
2|[24.737303841832908,9.114351578862625,1.0275786721216618,-0.4216070205889947,-0.42160702058899463,2.016524974086508,1.0,53.0]|[8.882070628904465,-9.433692192873742,0.4863404459084662,0.04067397191120342,0.040673971911203435,0.481436034357626,2.0,111.0]|
2|[23.607151877525915,11.646600613883697,1.0865222441434508,-0.5322709176105255,-0.5322709176105255,1.9028160643412027,1.0,53.0]|[7.548279960171032,-8.888825843187163,0.417919916041233,0.008285903484884283,0.00828590348488428,0.4151987533527359,2.0,111.0]|
2|[19.979469410644167,9.66777128697888,0.9208128248079027,-0.2993714816972958,-0.2993714816972958,1.3946341231093002,1.0,53.0]|[6.44991686048073,-9.626824547340002,0.4064830640160403,0.019593683446561816,0.019593683446561826,0.39036616310650674,2.0,111.0]|
2|[18.856728547412207,9.479206451352484,0.8622450680359314,-0.2662834504926831,-0.26628345049268315,1.2580958328573284,1.0,53.0]|[29.02381017111024,-7.8745776200449615,1.1081874339204612,0.46611709929676814,0.46611709929676814,2.6997193251705127,2.0,112.0]|
2|[19.510296593266453,7.711515067209308,0.775095888700643,-0.237254339667717,-0.23725433966771695,1.28157876441141,1.0,53.0]|[25.930994188588052,-8.74918287973785,1.0755952644468654,0.42677668182019457,0.4267766818201946,2.196488560386135,2.0,112.0]|
2|[15.962690890491539,10.406582769624265,0.7839472782435746,-0.22865810281035795,-0.22865810281035798,0.9856172349145935,1.0,53.0]|[25.793525312834653,-5.983221663310736,0.948506206187799,0.2881987816343219,0.28819878163432194,2.1240719252474363,2.0,112.0]|
2|[15.408264062709899,8.418635266410462,0.6752469166196966,-0.15743179464623078,-0.15743179464623078,0.8773712874602263,1.0,53.0]|[24.82399856225887,-7.214701069337736,0.9298017110961081,0.33671558740857993,0.3367155874085799,1.9904955688851336,2.0,112.0]|
2|[14.042415597235172,10.067025783018797,0.6764350315628609,-0.1838657935154234,-0.18386579351542348,0.801094366543976,1.0,53.0]|[20.14442479114356,-10.489918935534309,0.9594821771055823,0.3397722207389858,0.33977222073898566,1.4350358026163192,2.0,112.0]|
2|[12.766622732057677,7.9084296565851675,0.5577728907231357,-0.09106015228570041,-0.09106015228570045,0.6483635626440885,1.0,53.0]|[18.691132819511903,-8.989542680518326,0.8483139667501278,0.23852865690823877,0.23852865690823882,1.2295438602336515,2.0,112.0]|
3|[10.351663588661062,8.23665650240765,0.49359699892430203,-0.0423854357377361,-0.04238543573773615,0.5131407317511675,1.0,53.0]|[25.70946671476446,12.898267328293795,1.285806794234154,-0.6520022376435141,-0.6520022376435141,2.258304862469516,1.0,54.0]|[17.956234202304504,-7.547403338543914,0.7603278766207145,0.17874171875423045,0.17874171875423042,1.110448092859314,2.0,112.0]|
3|[8.903063559521744,7.544176619079332,0.42271983940529,-0.002401813030379268,-0.0024018130303792968,0.42351905552522384,1.0,53.0]|[25.295336508218067,10.38335370206715,1.1156035115910972,-0.5011317998985717,-0.5011317998985717,2.1307253006513083,1.0,54.0]|[16.79290448576039,-6.5118274075789255,0.6867055346874095,0.12682045800537894,0.12682045800537897,0.964576611640093,2.0,112.0]|
3|[6.6933245202195355,8.481440212164605,0.37236394469067663,0.009592956508315348,0.009592956508315353,0.37694914770873955,1.0,53.0]|[23.376902422043987,10.831984704462242,1.0758487787880988,-0.4626838873651469,-0.462683887365147,1.8599933440837197,1.0,54.0]|[15.914015432517786,-8.533725853694031,0.6864135688905653,0.1783395223865823,0.17833952238658232,0.9233551492900731,2.0,112.0]|
3|[6.789005227398533,8.256869869153599,0.3551539212270432,-0.0023402557649972074,-0.0023402557649972117,0.3542318909081671,1.0,53.0]|[21.511237835639765,8.654762382555448,0.9342041226036485,-0.3001004286976235,-0.30010042869762343,1.5593562592561576,1.0,54.0]|[14.552213839722182,-9.273571428424377,0.656490287603171,0.17462028628393916,0.1746202862839392,0.8192279497433875,2.0,112.0]|
2|[19.470809560903167,11.07240720672922,0.9619310137823479,-0.34455209287165806,-0.34455209287165794,1.3718898819125258,1.0,54.0]|[12.466133403186545,-8.232944287276947,0.560764202809869,0.09026852531812073,0.09026852531812074,0.6378311341307025,2.0,112.0]|
2|[18.546521638275784,8.999606077139168,0.8351946464549064,-0.23913258761009495,-0.2391325876100949,1.2119647465865888,1.0,54.0]|[11.12531156127803,-8.557629581005761,0.5172406779911632,0.07568482396417894,0.07568482396417892,0.5574173876050271,2.0,112.0]|
2|[18.25291412885269,9.842246893967832,0.8241646003190403,-0.2802240656001961,-0.2802240656001961,1.1927523865094785,1.0,54.0]|[10.12820239511011,-8.332182010305386,0.4670760407430291,0.05794477520298559,0.05794477520298557,0.48984143440272765,2.0,112.0]|
4|[15.823882062353125,9.844992466134217,0.7555282878766021,-0.2052070524969065,-0.20520705249690654,0.9576864208278388,1.0,54.0]|[27.339682716923587,14.992137127580902,1.4557272241973624,-0.8677489903412817,-0.8677489903412817,2.562311968153646,1.0,55.0]|[7.2012769757909805,-7.75002673233538,0.3651790254631512,-0.016605257902809513,-0.016605257902809523,0.3676201296388061,2.0,112.0]|[29.056280864845792,-1.050041815539029,0.9780479064936592,0.06012309763100118,0.06012309763100119,2.6395742540450926,2.0,113.0]|
4|[15.927974228070374,8.345903658857042,0.6756364923004503,-0.17544507057491104,-0.17544507057491107,0.9185402560314697,1.0,54.0]|[23.212219150460527,15.38736866041928,1.3894199340603224,-0.685590879192767,-0.6855908791927671,1.9691725612620177,1.0,55.0]|[5.406821956482985,-8.019721986157574,0.3106476099484668,-0.027156582284001793,-0.027156582284001776,0.3326191632837921,2.0,112.0]|[27.16370555831612,-5.678231230052853,0.9877399045078009,0.29658649646487256,0.2965864964648726,2.3445622654573586,2.0,113.0]|
3|[12.982985726937796,8.768835728880111,0.6116877436479309,-0.10491462129529155,-0.10491462129529154,0.6961621450468127,1.0,54.0]|[22.348355071973078,11.976379939341944,1.140220307347378,-0.4655654332984567,-0.4655654332984566,1.7594877669728897,1.0,55.0]|[24.985234884523273,-5.934416968330218,0.9393113061414082,0.26638347851650734,0.2663834785165073,1.9975752823845505,2.0,113.0]|
3|[11.777194928558915,8.690749928020704,0.5594088890841478,-0.0812134370949419,-0.08121343709494187,0.6095347165411132,1.0,54.0]|[21.694005077457618,12.519550522646163,1.12542919908002,-0.4819185591305021,-0.481918559130502,1.6823887309692032,1.0,55.0]|[24.637237946708755,-4.661635554636433,0.8661587306052351,0.20786323922365435,0.20786323922365435,1.925407975283926,2.0,113.0]|
3|[11.570159545432867,8.402736317049365,0.5217446040768142,-0.08513743163260086,-0.08513743163260089,0.5771443274903169,1.0,54.0]|[19.886538073848577,13.95866412821105,1.147987203743162,-0.489048715313229,-0.489048715313229,1.5014511744838996,1.0,55.0]|[22.396443282443524,-5.381795920006098,0.8261436718928771,0.19989061370890085,0.19989061370890088,1.6099590636836425,2.0,113.0]|
4|[8.795109978812969,8.696074896629337,0.4499136046720716,-0.027812423832127137,-0.027812423832127155,0.45054352059915925,1.0,54.0]|[17.469415604144938,12.493583907021408,0.9924983133317056,-0.321076569565657,-0.321076569565657,1.2118263590380374,1.0,55.0]|[18.40427224867755,22.452548389192373,1.9709981848721496,-0.8086217291506372,-0.8086217291506373,1.647333128642421,1.0,56.0]|[20.95424859125193,-5.038874835684752,0.7692972710189329,0.16403804468234906,0.16403804468234906,1.4120060503087082,2.0,113.0]|
4|[7.9392565686065275,9.048578752246492,0.4243724189729875,-0.03243771700791798,-0.03243771700791797,0.41586327614898816,1.0,54.0]|[18.416436982588998,12.566560511762372,0.9859456962722821,-0.3871824753759233,-0.3871824753759233,1.2891698420275828,1.0,55.0]|[18.0718079120165,20.592992495664536,1.7406893813275965,-0.6895142237858359,-0.689514223785836,1.5600790530254836,1.0,56.0]|[19.211895631280782,-6.659716533913606,0.7474709534283864,0.18876218141077078,0.18876218141077078,1.2265769915211322,2.0,113.0]|
4|[6.252168156204042,8.443184003833908,0.3486675404304052,0.005056081901570341,0.0050560819015703804,0.35175145765712634,1.0,54.0]|[17.627082325303224,12.03256000242123,0.9172027756590028,-0.34554477898057645,-0.34554477898057645,1.1875331134243137,1.0,55.0]|[12.439730537583516,23.97390650715835,1.9926245334667616,-0.5531423027443135,-0.5531423027443136,1.2136240541387078,1.0,56.0]|[18.124515340123427,-7.297198616662724,0.7125616225507011,0.1934092107133235,0.19340921071332345,1.1150749384213572,2.0,113.0]|
5|[4.627850689008011,7.096753824139416,0.2551176114845371,0.04723935620486304,0.04723935620486304,0.29675343362432577,1.0,54.0]|[14.680529967196646,11.817367950924599,0.825745095004713,-0.22872455327077537,-0.22872455327077534,0.9257698836978843,1.0,55.0]|[14.567040752418148,22.860834408572945,1.892880329252596,-0.6330631850958843,-0.6330631850958844,1.302771593462365,1.0,56.0]|[16.30931733914187,-8.489437447543523,0.6877762283267614,0.19189805243732125,0.19189805243732125,0.9565493455163365,2.0,113.0]|[29.395421953478294,-2.355213561315108,1.0045260922369907,0.13725316536346158,0.13725316536346155,2.706585968182014,2.0,114.0]|
3|[13.843723857387797,12.354450176478512,0.8124824945952844,-0.23504803726185725,-0.23504803726185725,0.8661023719531283,1.0,55.0]|[14.914531974941042,-7.493457927675222,0.6080478353952437,0.13191248809219375,0.13191248809219375,0.804322242533704,2.0,113.0]|[31.866342583903652,-0.6879162931129743,0.9436744692141106,0.04816371233251134,0.04816371233251135,3.1737221086090948,2.0,114.0]|
3|[11.764957155339472,11.193541965680097,0.6879570080843793,-0.12951327954676561,-0.1295132795467656,0.7008588493132455,1.0,55.0]|[12.730691465356394,-6.861626633239131,0.531938533281612,0.06556959507967854,0.06556959507967854,0.618251919746599,2.0,113.0]|[27.540952987935107,-1.7298714604230954,0.897115750251504,0.09311901050980798,0.09311901050980798,2.373796837072267,2.0,114.0]|
4|[11.138831065498731,10.868695902766929,0.6395716888449471,-0.11445532308502565,-0.11445532308502572,0.6451921416063355,1.0,55.0]|[12.33363767523196,-7.631804595180876,0.5094317416725369,0.09154490472662355,0.09154490472662352,0.6007298735202601,2.0,113.0]|[22.308275325934403,-2.3525101201163325,0.8473848398161269,0.07646240787600518,0.0764624078760052,1.5643957504317407,2.0,114.0]|[27.33748913562178,9.627996658274002,1.1747180885202706,-0.5108034026504086,-0.5108034026504086,2.445180325076339,2.0,115.0]|
4|[10.951338388516486,11.41642512209363,0.6433236723155196,-0.14464165939288362,-0.1446416593928836,0.6312884926364879,1.0,55.0]|[9.642711577915883,-6.266138973574326,0.41167299408954194,0.0010342561499415107,0.0010342561499415129,0.4125924773075867,2.0,113.0]|[22.85224467290961,-3.4469820627447376,0.8063336282588526,0.130132029630534,0.130132029630534,1.6494331022924835,2.0,114.0]|[27.84429801231011,9.567329104465925,1.1314445077688382,-0.5419932251102682,-0.541993225110268,2.5226062996361938,2.0,115.0]|
4|[7.898719680699879,11.138849365580919,0.5413677220400263,-0.0582753152722514,-0.058275315272251445,0.5005111915341023,1.0,55.0]|[7.164969328246161,-9.454695493010961,0.4151479913977077,0.03248977970974782,0.03248977970974782,0.396896822138276,2.0,113.0]|[20.89063613827621,-3.69022985183835,0.753702786771097,0.11528620958239989,0.1152862095823999,1.3859809201626323,2.0,114.0]|[26.232437957463425,8.81064031600387,1.0465749726161944,-0.4522194030660892,-0.4522194030660892,2.2411083237125315,2.0,115.0]|
4|[7.074830450009478,10.92119463862774,0.49940746883523696,-0.04589097312524388,-0.045890973125243865,0.4582955188826313,1.0,55.0]|[6.005292426904883,-7.6752515781584005,0.31249728498427337,-0.020079230875652557,-0.020079230875652523,0.3224497236314636,2.0,113.0]|[20.083955179055085,-0.7596518557423299,0.6799990342092505,0.022024971593701117,0.022024971593701117,1.2614702659741701,2.0,114.0]|[23.315147603659163,10.530970023773685,1.0468164294910602,-0.45098438079179054,-0.45098438079179054,1.8415775423889407,2.0,115.0]|
2|[18.1621339974809,-6.275179502121509,0.6806787417605543,0.16348941035023096,0.16348941035023098,1.0973760155178087,2.0,114.0]|[20.61133110990754,8.483324804493812,0.9007921922292228,-0.26821714401310653,-0.26821714401310653,1.4420660321826475,2.0,115.0]|
2|[15.225566598020343,-5.3191788572560315,0.595602340609212,0.07589308670550673,0.07589308670550673,0.7863241011531737,2.0,114.0]|[20.74299193373807,6.537614802133562,0.8038222166948498,-0.212527377513684,-0.21252737751368403,1.4111609085117887,2.0,115.0]|
2|[15.2287947600544,-5.480446396440927,0.5500975597217229,0.09662261384194633,0.09662261384194633,0.7838157634865379,2.0,114.0]|[19.176624545098264,7.405613139613397,0.7658499899493971,-0.2142190649740502,-0.2142190649740502,1.2378372216242646,2.0,115.0]|
2|[11.847632432684247,-5.782025216602856,0.4797201991732857,0.030937398245986573,0.03093739824598657,0.5280138899610642,2.0,114.0]|[16.778441886960156,6.856184588056426,0.6866145202034365,-0.13893753548268128,-0.1389375354826813,0.9698480659130078,2.0,115.0]|
2|[9.269214614873247,-7.604344886021925,0.43115995555178466,0.014796050308003484,0.01479605030800347,0.437056913356312,2.0,114.0]|[17.41080457215899,4.9493732418968355,0.6108372422753037,-0.11740380318046437,-0.11740380318046442,0.990463549414667,2.0,115.0]|
3|[7.251722126686487,-7.8433101017578615,0.3678323940821943,-0.012177445697350986,-0.012177445697350972,0.3697443111204801,2.0,114.0]|[15.494363058226524,2.3320926430768507,0.5316949974739493,-0.03544957897484896,-0.035449578974848975,0.7618854824774498,2.0,115.0]|[18.824025316840636,23.109599730956585,2.0571311249080306,-0.8827833183183358,-0.882783318318336,1.6924438208762742,2.0,116.0]|
2|[14.864650364636315,0.5935839075497747,0.47720441189162405,-0.00856078228508875,-0.008560782285088749,0.6912434294089673,2.0,115.0]|[21.0062411521491,19.21552474233471,1.6649989651559063,-0.7938008551176637,-0.7938008551176635,1.8066432037128748,2.0,116.0]|
2|[13.387259994981465,-2.9982766122888314,0.43700243115262827,0.03385031294471522,0.03385031294471521,0.5805622868867633,2.0,115.0]|[21.687838407026877,19.018190515575156,1.640023405377518,-0.841927039549132,-0.8419270395491318,1.8618439242094291,2.0,116.0]|
3|[11.260237497115863,17.50869365927607,1.1449585822526565,-0.3253409031817938,-0.3253409031817938,0.8483157715447647,1.0,56.0]|[11.883682373704996,-4.475547730699161,0.3996869954621343,0.03925070647429628,0.03925070647429627,0.489124974569291,2.0,115.0]|[22.194255736191742,15.01200205952817,1.2949590075696498,-0.6416183922981988,-0.6416183922981987,1.8095644022291042,2.0,116.0]|
3|[11.337390266543162,14.482983719738941,0.8876572012073892,-0.2165224082341542,-0.21652240823415417,0.780555386281281,1.0,56.0]|[6.488298766088875,-6.862087269989771,0.3099217662916963,-0.03301680083858073,-0.03301680083858077,0.3136223282291519,2.0,115.0]|[23.88539828355697,6.308660559280835,0.887219176301564,-0.26939902412523753,-0.26939902412523753,1.8360442209759693,2.0,116.0]|
3|[12.415692447664211,12.703309579244012,0.7864565295269562,-0.20416405077760216,-0.20416405077760214,0.777104441680921,1.0,56.0]|[4.767082532272297,-6.502355884741817,0.24102140253464585,-0.051670410381339626,-0.05167041038133962,0.27361923150022893,2.0,115.0]|[23.588777706715476,4.181158382125771,0.7986850177124397,-0.17632467730805712,-0.17632467730805712,1.7621993658523578,2.0,116.0]|
2|[12.045580508543047,9.564983939152214,0.6168529768762749,-0.0972455068832947,-0.09724550688329472,0.6620989375558775,1.0,56.0]|[20.770387496618905,-1.4425854786457057,0.7188540958245219,0.04415775747768979,0.04415775747768978,1.3515718359987543,2.0,116.0]|
2|[10.848896855547867,8.343894835281025,0.5307817623215982,-0.04197978137298492,-0.04197978137298495,0.5530780213271099,1.0,56.0]|[20.666909765774296,-4.089819524890659,0.6893446490565404,0.13806176730025005,0.13806176730025008,1.3596849200411008,2.0,116.0]|
2|[9.539161652139796,7.710755927837785,0.46131469014036475,-0.007145358089698202,-0.007145358089698222,0.4643786031459277,1.0,56.0]|[17.405467500283823,-3.3290178728265682,0.6203809357351782,0.06903789190705625,0.06903789190705627,0.9681349031183696,2.0,116.0]|
3|[8.878019766066583,7.68442463561258,0.42025689921689563,-0.009157622136476888,-0.0091576221364769,0.4229105069742896,1.0,56.0]|[26.240905822287164,11.953612741408886,1.2657071445520578,-0.6070509481977494,-0.6070509481977495,2.3217903375186806,1.0,57.0]|[15.957307415142,-5.030155899432667,0.5815490800295683,0.09243877845349997,0.09243877845349995,0.8456561674126774,2.0,116.0]|
3|[7.547472017557552,7.895677414772283,0.37177208667797795,-0.001103131860144494,-0.001103131860144494,0.37167254432736124,1.0,56.0]|[24.44277152857717,12.232598694664551,1.2180758433793533,-0.5587802545432841,-0.558780254543284,2.054965484699659,1.0,57.0]|[14.17324705998689,-4.860642444887635,0.5203126272365882,0.06216284535035047,0.06216284535035051,0.6802561145175016,2.0,116.0]|
3|[5.797414653024071,6.490400772064115,0.2791041968818832,0.04750674656676718,0.04750674656676715,0.2898551910332823,1.0,56.0]|[24.67532563396751,11.04373897842446,1.1210389485113477,-0.5204221792160298,-0.5204221792160298,2.0509111333453593,1.0,57.0]|[12.052196158906002,-5.773853870043879,0.4687593901011666,0.0427982146441503,0.042798214644150255,0.537591928093692,2.0,116.0]|
3|[5.821087319266105,6.920590108001496,0.2734672610145115,0.02129201012312221,0.02129201012312221,0.2808717034941698,1.0,56.0]|[23.020323402871593,6.8198684412021695,0.9164235230952464,-0.26216913726873503,-0.2621691372687351,1.7237012483618264,1.0,57.0]|[10.310004821418199,-6.689685137565776,0.42211518662115877,0.03238035667595598,0.032380356675956005,0.4510090094121769,2.0,116.0]|
3|[22.43351666032367,10.683125728127592,1.000810459536149,-0.4421701358673171,-0.44217013586731707,1.7187573567178627,1.0,57.0]|[7.888124886969454,-5.969430208382295,0.3391294821444359,-0.02522404074909056,-0.02522404074909061,0.32488651450742306,2.0,116.0]|[27.461739231018203,-5.026870530912494,1.0219282213748453,0.2587808136180029,0.2587808136180029,2.388275181538366,2.0,117.0]|
3|[19.4972517862809,10.242796831876412,0.9097460921960672,-0.3183802427643458,-0.3183802427643458,1.3485259377292087,1.0,57.0]|[6.3827859441939925,-7.641940481399141,0.3142394872357827,-0.005308097217304669,-0.005308097217304679,0.3161612437885528,2.0,116.0]|[26.267518177439374,-6.039628387994338,0.990477040689935,0.29423373428198557,0.29423373428198557,2.202504293270525,2.0,117.0]|
3|[17.847130774350354,9.663686660716868,0.8295792614040016,-0.24778378112857768,-0.2477837811285777,1.1530248601876087,1.0,57.0]|[5.115022922801988,-7.047327488769317,0.25513757023146366,-0.02504410206087991,-0.02504410206087994,0.27146532687902414,2.0,116.0]|[27.17566129083317,-8.83952624005078,1.0330181693287606,0.49408795713793235,0.49408795713793247,2.391296079321933,2.0,117.0]|
2|[16.774277596671418,8.682967429937179,0.7474358055546987,-0.19020886639117487,-0.19020886639117482,1.016433781096226,1.0,57.0]|[23.66719415484796,-8.065285108678735,0.9405793128925147,0.34524264816976447,0.3452426481697645,1.8360259050739165,2.0,117.0]|
2|[13.672185695888178,9.504707199942114,0.6889556868474859,-0.1233926071618212,-0.12339260716182116,0.7806708263438757,1.0,57.0]|[21.247312451410036,-9.443466214003646,0.9255414852274916,0.33951753259679057,0.33951753259679057,1.5385383050780128,2.0,117.0]|
2|[12.520335448372744,7.933846228689842,0.5948670077777322,-0.05810898045672693,-0.05810898045672694,0.6497459836518525,1.0,57.0]|[20.320130051540865,-8.511340764927265,0.8452188359235546,0.28125866491122,0.2812586649112199,1.3988921865846953,2.0,117.0]|
2|[12.679667750187447,7.102970944774268,0.5486510442534617,-0.06241711270247814,-0.062417112702478184,0.6251080024530131,1.0,57.0]|[16.72281821245346,-11.019476221157076,0.8544396527215489,0.26287020013155615,0.2628702001315561,1.0801454560335106,2.0,117.0]|
2|[13.205857348509754,8.700488461334299,0.564491609801464,-0.14299325119371137,-0.14299325119371137,0.6873219340604162,1.0,57.0]|[16.012775900634086,-9.675903119900358,0.7585244080355872,0.2026158969234241,0.202615896923424,0.9714030739801948,2.0,117.0]|
2|[9.001782123064672,8.374055451119531,0.44865435879268895,-0.02205174155948138,-0.02205174155948137,0.45184512434560575,1.0,57.0]|[14.681595166158534,-10.340942968136984,0.729908851295961,0.19569698918916245,0.19569698918916248,0.8699117749360568,2.0,117.0]|
3|[9.098533847473343,7.868518072032973,0.41531121448675673,-0.03187755781988297,-0.03187755781988297,0.4246038253437316,1.0,57.0]|[28.331958292477317,7.215116184190961,1.0621934028667923,-0.40972554362002195,-0.40972554362002195,2.56674107907725,1.0,58.0]|[13.581921715904201,-8.883948397966067,0.6313101556838764,0.12544523963545645,0.12544523963545645,0.7410389796966594,2.0,117.0]|
5|[7.806817443029124,6.5614510289417955,0.33955332231370267,0.012237816421491953,0.012237816421491987,0.33527836677895806,1.0,57.0]|[25.310670942350054,7.021906621376487,0.9978522049595431,-0.32131059599767536,-0.32131059599767536,2.066885007980667,1.0,58.0]|[11.04891557426741,-8.518587783060566,0.5452610487777352,0.04856939734305614,0.04856939734305615,0.5708108578425884,2.0,117.0]|[26.107080174191516,-11.044845087506,1.1921441432523223,0.558004279096357,0.558004279096357,2.2750491049844332,4.0,119.0]|[25.84512412013978,-12.752639196861539,1.277089186118451,0.6505826896057215,0.6505826896057215,2.274577990465355,4.0,121.0]|
5|[5.513967678976282,7.261287102754692,0.28017995224732267,0.026866759942742485,0.02686675994274246,0.2951588323697764,1.0,57.0]|[25.935062930298916,5.9881932756786815,0.9280834830077199,-0.2969052104796295,-0.2969052104796295,2.1454367820368176,1.0,58.0]|[9.330960108691976,-8.820835818622774,0.49032247613396623,0.02354055255602981,0.023540552556029784,0.49297083104255396,2.0,117.0]|[21.87207300053579,-12.201231156513671,1.159285913917186,0.44676072525783217,0.4467607252578321,1.710931206421829,4.0,119.0]|[25.752228358367816,-11.168556230950797,1.1557852200686143,0.5665822263709849,0.5665822263709849,2.2164762840209558,4.0,121.0]|
5|[4.60358316804317,8.006914918053276,0.2715221187471321,0.008612279591819278,0.008612279591819283,0.28154963649107717,1.0,57.0]|[23.47591276782427,6.635335896832584,0.8880465458179809,-0.27466282946250525,-0.2746628294625053,1.78217562472278,1.0,58.0]|[8.865457170124742,-8.694306819368194,0.45568903409235056,0.025635369743194695,0.02563536974319467,0.45668857357890297,2.0,117.0]|[23.913093029189927,-11.968553554563728,1.1388661889098342,0.5484186215237129,0.5484186215237128,1.9601183896133068,4.0,119.0]|[21.48615823915546,-10.654666111720228,1.048531017578924,0.3713551790545592,0.3713551790545591,1.6132549205102864,4.0,121.0]|
4|[21.749746247405934,6.75755572504414,0.8371541888740216,-0.24352721364428503,-0.2435272136442851,1.5453035674380415,1.0,58.0]|[7.957329115146081,-8.719197870577583,0.4174931994172782,0.01966813050367712,0.019668130503677186,0.4138915204407658,2.0,117.0]|[20.95593144730946,-12.965952228049153,1.117708742746197,0.48259032402681973,0.4825903240268196,1.5990940537925353,4.0,119.0]|[23.523604548967366,-14.387509337587964,1.2429894576899285,0.6930303064632285,0.6930303064632285,1.9522240343296127,4.0,121.0]|
4|[19.659737016416468,9.174668436953201,0.8484597475497115,-0.29045516412616673,-0.2904551641261668,1.3353076423709653,1.0,58.0]|[5.915189483658933,-8.376945610080734,0.34077062625311644,-0.01719451658510546,-0.017194516585105474,0.3529795604674036,2.0,117.0]|[19.046240003526485,-11.796620071754477,0.9945401071348953,0.35547843382469063,0.3554784338246905,1.348306273573684,4.0,119.0]|[20.339043535047818,-9.58179053392724,0.920626044747362,0.3104577899679912,0.31045778996799117,1.43336987318451,4.0,121.0]|
4|[16.99526581947091,7.830096986650953,0.7400383806308011,-0.16317146014116773,-0.16317146014116776,1.0190261537966219,1.0,58.0]|[22.16861711216069,-19.49433726264924,1.7422499016111834,0.8627283981338117,0.8627283981338117,1.9646750715489967,2.0,59.0]|[19.247344063576776,-13.160242239273652,1.0388242922442867,0.45131624396188763,0.4513162439618877,1.3903066450173784,4.0,119.0]|[18.34940112875158,-11.387417291186738,0.9324234244308858,0.3257935992727859,0.32579359927278595,1.2552155480039697,4.0,121.0]|
6|[16.275923394957854,6.941576613443444,0.6731014419004399,-0.1302066601549592,-0.13020666015495921,0.9228648584879898,1.0,58.0]|[21.89700452624482,-17.719432242574506,1.5499937540523558,0.7521895047348907,0.7521895047348907,1.8708364398645887,2.0,59.0]|[28.971589907215446,6.303112170653019,1.0654257728706933,-0.3658673086020415,-0.36586730860204153,2.66749748399305,4.0,118.0]|[15.195914139591222,-12.474456044411891,0.8966164015301998,0.25552210198451936,0.2555221019845193,0.9981235538204745,4.0,119.0]|[29.016564121059442,4.8429984956520435,1.0324037460260973,-0.2790619941965555,-0.2790619941965555,2.657811888897993,4.0,120.0]|[16.64495417430499,-12.915201889822765,0.9499848768797189,0.3391171225403974,0.33911712254039733,1.123906118230054,4.0,121.0]|
6|[12.981832677277072,7.942208969264462,0.6128422238499838,-0.06785969908739943,-0.06785969908739946,0.6822452326549434,1.0,58.0]|[23.29499417085545,-14.84719164962009,1.3286204328312503,0.6730620591087418,0.6730620591087418,1.9556637157422967,2.0,59.0]|[26.543416866906163,5.244000747295499,0.9853060636274763,-0.2572920632794144,-0.2572920632794144,2.2368029196029133,4.0,118.0]|[14.864714798675452,-13.435598527835198,0.9187398156177367,0.30356393647044644,0.30356393647044644,0.9802143693051669,4.0,119.0]|[28.165936533437105,7.007145645542239,1.033444969084778,-0.39782134694238847,-0.3978213469423884,2.533558111182129,4.0,120.0]|[16.23945007751096,-11.136419513551223,0.8258168518914719,0.26460422154842034,0.26460422154842034,1.0302145311495308,4.0,121.0]|
6|[13.829752104396924,8.436044636779966,0.6061217646650013,-0.13051267483399356,-0.13051267483399354,0.740467861882996,1.0,58.0]|[18.19716603292492,-16.197423990707822,1.2989366759683405,0.49463780623581094,0.49463780623581105,1.4143621623962892,2.0,59.0]|[26.023070013321643,3.662038026344033,0.9080489292093021,-0.1759148938674493,-0.1759148938674493,2.133375094866211,4.0,118.0]|[14.458476827981825,-11.96795364424469,0.8053778784816304,0.24458346462459135,0.24458346462459143,0.8984058914993098,4.0,119.0]|[26.23887585816571,2.315395129800644,0.8932218795180119,-0.1125096248516999,-0.11250962485169991,2.158292530307095,4.0,120.0]|[13.883969275619283,-11.88683859165614,0.7894547840066345,0.21786928062971994,0.21786928062971997,0.8573986895413258,4.0,121.0]|
7|[13.215473514335727,7.935540888151334,0.5522402146040871,-0.11428057973970737,-0.11428057973970737,0.6739352200050709,1.0,58.0]|[18.59983896208539,-16.373582627117155,1.2988835733471793,0.5457838771647937,0.5457838771647936,1.4384179105332338,2.0,59.0]|[22.227517062755023,-19.203673579335415,1.720483333490469,0.8431102049797323,0.8431102049797325,1.9679380868280882,2.0,60.0]|[25.42247249290021,4.311704287622298,0.867195424847524,-0.205314826912171,-0.20531482691217104,2.042941441013225,4.0,118.0]|[13.068248546765908,-12.09108105535366,0.7600513159429514,0.21324377261176775,0.2132437726117677,0.7932302106280008,4.0,119.0]|[25.456878814600383,3.027628382002681,0.8494091560138095,-0.14323819351275766,-0.14323819351275763,2.0367477442221658,4.0,120.0]|[12.34425990630938,-10.96396469524105,0.6902323945310251,0.14352863151516718,0.1435286315151673,0.7243506670714236,4.0,121.0]|
8|[27.620529935334424,-7.447699886758542,1.073333525007592,0.4001549553830013,0.40015495538300133,2.44944842877031,1.0,0.0]|[8.875324377266269,7.888973605387103,0.44213156642688867,0.001323993320791685,0.0013239933207916735,0.44181888807294595,1.0,58.0]|[17.883536640477725,-15.751702401012095,1.214043564749634,0.493893039242522,0.493893039242522,1.3397622846280632,2.0,59.0]|[17.299522410952267,-22.43266695565093,1.9292709164608532,0.7501570984238979,0.7501570984238979,1.5350286423978152,2.0,60.0]|[22.59469746383512,4.995569432286142,0.8233694172752273,-0.1879242542393595,-0.18792425423935952,1.6317918529554114,4.0,118.0]|[11.052001349803872,-10.234686530320227,0.6094767569949389,0.09219975337449848,0.0921997533744985,0.6236579167784494,4.0,119.0]|[22.671967463407007,6.307205088884878,0.8499736278668445,-0.24498473282691277,-0.24498473282691272,1.6624458882590216,4.0,120.0]|[10.688792142806037,-11.085684740670594,0.6365317026409018,0.10841088976539455,0.10841088976539454,0.6286248711589564,4.0,121.0]|
8|[26.751233742317886,-4.896122848043361,0.9595198359954059,0.2473941091719307,0.24739410917193072,2.265942442950619,1.0,0.0]|[7.523426326602878,7.996082465640455,0.39066141443105645,0.014859428956504231,0.01485942895650427,0.3924733070562871,1.0,58.0]|[13.486979517297799,-15.700981238785394,1.0847865140787278,0.29570412606714414,0.2957041260671441,0.9945468230363828,2.0,59.0]|[16.938954577396707,-20.794560124287084,1.7189714849040227,0.6493394393531097,0.6493394393531098,1.4507736322807168,2.0,60.0]|[21.648296696126486,5.982192814529743,0.791680676501845,-0.2168292346583257,-0.21682923465832568,1.5164224254820156,4.0,118.0]|[11.055429588045728,-9.89852573506301,0.5766380410795484,0.09982163044445161,0.09982163044445166,0.5987507424461858,4.0,119.0]|[20.931087027818947,6.662426758381842,0.803154243212056,-0.22428689648211522,-0.22428689648211528,1.4363964818815833,4.0,120.0]|[10.088688615544099,-9.6865207951677,0.5467473257206736,0.06195472042716775,0.06195472042716777,0.5517892959509646,4.0,121.0]|
8|[25.60461029101145,-3.805651605533352,0.8896033888314736,0.17900678093909325,0.17900678093909328,2.0673637273226864,1.0,0.0]|[6.348728201440498,8.18604127098776,0.34994457107575666,0.018801198948722928,0.018801198948722914,0.35960544006963596,1.0,58.0]|[14.616922179160731,-14.272942740350016,0.9965082365967746,0.30051761339903715,0.3005176133990371,1.0108228119063223,2.0,59.0]|[15.880162536478675,-22.593648545178045,1.8888413241770108,0.7034360298853658,0.7034360298853659,1.382437946978649,2.0,60.0]|[19.08492269962745,6.1967475000592165,0.7372828338026891,-0.1691431207795171,-0.1691431207795171,1.2032950768695199,4.0,118.0]|[9.477874133387536,-11.566593574955013,0.5999077747436861,0.12067554465557141,0.12067554465557138,0.5515216423462945,4.0,119.0]|[18.554037738484404,7.257919651715713,0.7564200225385886,-0.18931779136725846,-0.18931779136725843,1.1663323703643584,4.0,120.0]|[8.431200106582438,-9.461935561816405,0.4801030217884617,0.0244731766210226,0.0244731766210226,0.4744451300725646,4.0,121.0]|
7|[22.761148225418584,-0.5327894448176957,0.8121404234327343,0.018906374184553463,0.018906374184553463,1.619391767175387,1.0,0.0]|[13.33625686185615,-14.709222703812314,0.9769103567937313,0.2812540510894206,0.2812540510894206,0.9217029033611901,2.0,59.0]|[15.059566837869978,-19.165052432263128,1.4742374441592032,0.4864817788615642,0.4864817788615643,1.2374017021155332,2.0,60.0]|[17.86556331821495,6.359440592121394,0.6889292420923703,-0.1547971244258495,-0.15479712442584956,1.0686987724156434,4.0,118.0]|[7.5500541458280495,-10.860499667261593,0.5056619062448393,0.05906560244841746,0.05906560244841742,0.4617595263718241,4.0,119.0]|[17.483896635567486,7.367261029576382,0.7078687124401256,-0.17571365611425402,-0.17571365611425402,1.0508290985110607,4.0,120.0]|[7.5809617536472835,-10.97277124717112,0.5121787157413096,0.06320296433754212,0.0632029643375421,0.46436422099914276,4.0,121.0]|
7|[22.66632429987953,-2.335077641393228,0.7693870152067431,0.08789003558258318,0.08789003558258318,1.6134708597906402,1.0,0.0]|[11.293797443978706,-15.67547376670646,0.9836833303266409,0.2536814183026756,0.2536814183026756,0.8143519335856488,2.0,59.0]|[15.426442303484194,-20.52087778073249,1.613174939937438,0.593856692772041,0.593856692772041,1.2696308139685244,2.0,60.0]|[15.291043142353368,7.234362218539539,0.6427196858766511,-0.11898444257996324,-0.11898444257996327,0.8379204872902843,4.0,118.0]|[4.98567595878516,-9.112740447753007,0.3498143787414211,-0.023092929151019854,-0.023092929151019858,0.37938888908246826,4.0,119.0]|[15.288819662558291,8.748308469081039,0.6809428531542292,-0.16517918938304152,-0.1651791893830415,0.8750991840218278,4.0,120.0]|[6.187266336958214,-9.742325320611851,0.40927225634212083,0.010954679734484258,0.01095467973448422,0.3989804951491166,4.0,121.0]|
5|[20.90227669325817,-1.0539274272718533,0.7105624014911077,0.033188521416389546,0.03318852141638955,1.3671085509568075,1.0,0.0]|[11.49449443260711,-13.208876638585227,0.8028585551835047,0.17840199383247363,0.17840199383247363,0.7530954104112911,2.0,59.0]|[12.697774528637924,-19.657365573533347,1.4407760338922826,0.41890510618464394,0.4189051061846439,1.062864859293626,2.0,60.0]|[13.629605538746588,7.072881098468168,0.5821728115016022,-0.08026211412172404,-0.08026211412172406,0.695188932142079,4.0,118.0]|[13.02883623337244,10.826049809318523,0.6860071001745347,-0.1750871116713045,-0.1750871116713045,0.751234230147205,4.0,120.0]|
6|[19.326026698200703,-2.2617263189418595,0.6644563427092736,0.06070194630425088,0.06070194630425087,1.1760391223122293,1.0,0.0]|[24.902120229691985,-15.978085251321112,1.484540121853315,0.8027473370051379,0.8027473370051379,2.2205644133058997,1.0,1.0]|[11.298938281452688,-11.956996647851016,0.7136206990264052,0.13979898240807984,0.13979898240807978,0.6977848087141253,2.0,59.0]|[14.367634097093534,-18.680756276746596,1.3738783809035682,0.4703107555315096,0.4703107555315096,1.1241043573165796,2.0,60.0]|[12.17304055460998,8.434119126008984,0.5578228846030794,-0.08836270801221666,-0.08836270801221667,0.6241352763822354,4.0,118.0]|[13.403299289162486,7.688397002253123,0.5583745822661318,-0.10769155783841299,-0.10769155783841303,0.6843409080014548,4.0,120.0]|
6|[17.423286742341602,-0.7518449084279557,0.6063484997997471,0.014846986956834224,0.014846986956834216,0.9497725508082171,1.0,0.0]|[23.08196887282048,-12.747288567780982,1.2178806432024227,0.5273060689487364,0.5273060689487366,1.881481526822814,1.0,1.0]|[8.491859344479728,-12.945378616303952,0.6847293912420285,0.09803127550457556,0.09803127550457562,0.5995922096209735,2.0,59.0]|[13.64197577337099,-17.534860610932277,1.2374355939801902,0.3919909456565368,0.3919909456565368,1.0385515033745643,2.0,60.0]|[10.703235665519143,8.212617141051547,0.4973624504836486,-0.054785335017414734,-0.05478533501741474,0.5267254755920265,4.0,118.0]|[9.771374241927436,8.406318497930062,0.4824927177311531,-0.03157870841480066,-0.03157870841480069,0.49203213883810903,4.0,120.0]|
6|[15.965167010710994,1.8515157567112352,0.5573038051112079,-0.028983662246020697,-0.028983662246020687,0.8038615282967222,1.0,0.0]|[19.81672525871409,-19.308379430094156,1.618408352964443,0.7539486055239927,0.7539486055239926,1.657598672654583,1.0,1.0]|[7.82203132643737,-12.113191106063153,0.6076984935641232,0.06507672306959247,0.0650767230695925,0.5489436969247894,2.0,59.0]|[9.731873301810413,-20.89243185762575,1.4898893682611662,0.36516848627264037,0.3651684862726403,0.8760425279337178,2.0,60.0]|[7.691610465099525,9.330671212289438,0.44102008390022235,-0.01931086265435897,-0.019310862654358944,0.4335127742467667,4.0,118.0]|[8.156456221519893,8.706611113641522,0.4320753900654689,-0.013566215394061979,-0.01356621539406197,0.4303031212117254,4.0,120.0]|
4|[14.556598336610707,0.8116423731293375,0.5025529968004806,-0.009014205784009102,-0.009014205784009103,0.6637178602827406,1.0,0.0]|[20.053501858965575,-13.502433731830708,1.1482582692083638,0.4566131275851904,0.4566131275851904,1.5189625354513654,1.0,1.0]|[5.606275514137873,8.851576558271013,0.35495156714629267,0.018774721151531393,0.018774721151531386,0.37270315454419695,4.0,118.0]|[6.842250548730264,9.558929238897042,0.41583171975070854,-0.02235957298470235,-0.02235957298470235,0.40059930869309524,4.0,120.0]|
2|[13.359942677184595,0.8186366595172311,0.45045094613708625,-0.006704224663025591,-0.006704224663025592,0.5594513879838563,1.0,0.0]|[19.64760040512818,-12.979664582495676,1.081771560895892,0.4300777555917518,0.4300777555917518,1.4486701785399168,1.0,1.0]|
2|[11.949059610219532,1.262387291028503,0.3985372047986202,-0.005559649754623742,-0.0055596497546237435,0.4505744105479172,1.0,0.0]|[18.01535640372353,-12.712131639600733,1.0085386495301716,0.3603389781482793,0.3603389781482793,1.264938103007102,1.0,1.0]|
